{
  "namespace": "tyel_subpack_settings",

  "subpack_type@tyel_about_common.subpack_type": {
    "$subpack_name": "Default Vanilla"
  },

  "dialog_background_switcher@common.common_panel": {
    "$dialog_background": "common.dialog_background_hollow_1"
  },

  "quit_dialog@popup_dialog.modal_dialog_with_buttons": {
    "$modal_screen_size": [ 214, 175 ],
    "$modal_panel_label_size": [ "100% - 16px", "100% - 96px" ]
  },

  "destroy_items_tooltip_anim_control@tyel_common.anim_destroy_items_tooltip_alpha_start": {},

  "chat_screen_varied_settings": {
    "$use_chat_caret_mode_text_boxes": false
  },

  "item_count_indexes_varied_settings": {
    "$disable_total_item_count_indexes": false
  },

  "hover_text_with_durability_settings": {
    "$enable_item_durability_tooltip": false
  },

  "hud_screen_modules_settings": {
    "$enable_hud_modules": true
  },

  "item_lore_viewer_settings": {
    "$enable_item_lore_viewer": false
  },

  "file_validation": { "$valid": true }
}