{
	"format_version": "1.12.0",
	"minecraft:geometry": [
		{
			"description": {
				"identifier": "geometry.mail_armor",
				"texture_width": 64,
				"texture_height": 64,
				"visible_bounds_width": 5,
				"visible_bounds_height": 4,
				"visible_bounds_offset": [0, 1, 0]
			},
			"bones": [
				{
					"name": "waist",
					"pivot": [0, 9.639, 0]
				},
				{
					"name": "body",
					"parent": "waist",
					"pivot": [0, 20.74313, 0],
					"cubes": [
						{
							"origin": [-5.1, 7.9, -2.7],
							"size": [10.3, 13.7, 5.55],
							"uv": {
								"north": {"uv": [0, 0], "uv_size": [10, 14]},
								"east": {"uv": [0, 14], "uv_size": [6, 14]},
								"south": {"uv": [10, 0], "uv_size": [10, 14]},
								"west": {"uv": [6, 14], "uv_size": [6, 14]},
								"up": {"uv": [12, 14], "uv_size": [10, 6]},
								"down": {"uv": [20, 6], "uv_size": [10, -6]}
							}
						}
					]
				},
				{
					"name": "rightArm",
					"parent": "body",
					"pivot": [-5.54243, 18.3141, 0],
					"cubes": [
						{
							"origin": [-10, 14.5, -2.72],
							"size": [5, 6.95, 5.55],
							"uv": {
								"north": {"uv": [24, 20], "uv_size": [5, 7]},
								"east": {"uv": [20, 6], "uv_size": [6, 7]},
								"south": {"uv": [26, 6], "uv_size": [5, 7]},
								"west": {"uv": [12, 20], "uv_size": [6, 7]},
								"up": {"uv": [22, 27], "uv_size": [5, 6]},
								"down": {"uv": [27, 33], "uv_size": [5, -6]}
							}
						}
					]
				},
				{
					"name": "leftArm",
					"parent": "body",
					"pivot": [5.54243, 18.3141, 0],
					"cubes": [
						{
							"origin": [5.1, 14.5, -2.72],
							"size": [5, 6.95, 5.54],
							"uv": {
								"north": {"uv": [12, 27], "uv_size": [5, 7]},
								"east": {"uv": [18, 20], "uv_size": [6, 7]},
								"south": {"uv": [17, 27], "uv_size": [5, 7]},
								"west": {"uv": [22, 13], "uv_size": [6, 7]},
								"up": {"uv": [0, 28], "uv_size": [5, 6]},
								"down": {"uv": [5, 34], "uv_size": [5, -6]}
							}
						}
					]
				}
			]
		}
	]
}