{
	"format_version": "1.10.0",
	"geometry.marsupial_rat": {
		"texturewidth": 128,
		"textureheight": 128,
		"visible_bounds_width": 4,
		"visible_bounds_height": 3,
		"visible_bounds_offset": [0, 1.5, 0],
		"bones": [
			{
				"name": "bone",
				"pivot": [0, 35, -7],
				"rotation": [-90, 0, 0]
			},
			{
				"name": "leg2",
				"parent": "bone",
				"pivot": [-2.5, 41, -9],
				"rotation": [90, 0, 0],
				"cubes": [
					{"origin": [-5.5, 12, -17], "size": [3, 6, 3], "uv": [60, 49]}
				]
			},
			{
				"name": "leg3",
				"parent": "bone",
				"pivot": [0.5, 41, -11],
				"rotation": [90, 0, 0],
				"cubes": [
					{"origin": [1.5, 10, -19], "size": [3, 6, 3], "uv": [58, 21]}
				]
			},
			{
				"name": "leg1",
				"parent": "bone",
				"pivot": [0.5, 41, 1],
				"rotation": [-90, 0, 0],
				"cubes": [
					{"origin": [4.5, 60, 4], "size": [4, 8, 5], "uv": [37, 49]}
				]
			},
			{
				"name": "tail",
				"parent": "bone",
				"pivot": [-1, 47, 25],
				"rotation": [-7.5, 0, 0],
				"cubes": [
					{"origin": [-2, 45, 22], "size": [4, 17, 4], "uv": [56, 0]}
				]
			},
			{
				"name": "leg0",
				"parent": "bone",
				"pivot": [-2.5, 43, 0],
				"rotation": [90, 0, 0],
				"cubes": [
					{"origin": [-8.5, 15, -10], "size": [4, 8, 5], "uv": [1, 55]}
				]
			},
			{
				"name": "body",
				"parent": "bone",
				"pivot": [0, 45, -5]
			},
			{
				"name": "head",
				"parent": "bone",
				"pivot": [-1, 44.5, -15],
				"rotation": [90, 0, 0],
				"cubes": [
					{"origin": [-6, 16.5, -22], "size": [12, 11, 8], "uv": [0, 34]},
					{"origin": [-8, 27.5, -19], "size": [4, 4, 2], "uv": [0, 6]},
					{"origin": [4, 27.5, -19], "size": [4, 4, 2], "uv": [0, 0]},
					{"origin": [-3, 16.51563, -26], "size": [6, 6, 4], "uv": [44, 38]}
				],
				"locators": {
					"lead": [0, 21.5, -19]
				}
			},
			{
				"name": "upperBody",
				"pivot": [-1, 16, -3],
				"cubes": [
					{"origin": [-7, 0, -6], "size": [14, 15, 11], "uv": [2, 1]}
				]
			}
		]
	}
}