{
    "format_version": "1.10.0",
    "minecraft:client_entity": {
        "description": {
            "identifier": "c:skill_card",
            "materials": {
                "default": "entity"
            },
            "textures": {
                "default": "textures/skill_card"
            },
            "geometry": {
                "default": "geometry.skill_card"
            },
            "render_controllers": [
                "controller.render.default"
            ]
        }
    }
}