{
  "header": {
    "modifications": [
      {
        "array_name": "controls",
        "operation": "insert_back",
        "value": [
          {
            "container_item_mode_switch_panel@tyel_container_item_mode.container_item_mode_switch_panel_pocket_header": {}
          }
        ]
      }
    ]
  },

  "cost_label/gray": {
    "size": [ "100% + 4px", "105%" ]
  },

  "cost_label": {
    "anchor_from": "right_middle",
    "anchor_to": "right_middle"
  },

  "inventory_and_anvil_panel": {
    "modifications": [
      {
        "array_name": "controls",
        "operation": "insert_back",
        "value": [
          {
            "drop_buttons_panel@tyel_container_common.drop_buttons_panel_pocket_containers": {
              "$hover_text_anchor": "right_middle",
              "$hover_text_offset": [ -8, 2 ],
              "anchor_from": "bottom_right",
              "anchor_to": "bottom_right",
              "offset": [ -4, -4 ]
            }
          }
        ]
      }
    ]
  },

  "anvil_contents_panel/red_cost": {
    "offset": [ -4, -27 ]
  },

  "anvil_contents_panel/green_cost": {
    "offset": [ -4, -27 ]
  },

  "anvil_contents_panel": {
    "modifications": [
      {
        "array_name": "controls",
        "operation": "insert_front",
        "value": [
          {
            "durability_gained_label_0@anvil.durability_gained_label": {
              "anchor_from": "right_middle",
              "anchor_to": "right_middle",
              "offset": [ -4, 20 ],
              "$color": "$anvil_cost_fail_text_color",
              "$visible_binding_name": "#cost_text_red"
            }
          },
          {
            "durability_gained_label_1@anvil.durability_gained_label": {
              "anchor_from": "right_middle",
              "anchor_to": "right_middle",
              "offset": [ -4, 20 ],
              "$color": "$anvil_cost_success_text_color",
              "$visible_binding_name": "#cost_text_green"
            }
          }
        ]
      }
    ]
  },

  "anvil_panel": {
    "$container_item_mode_supported": true,
    "modifications": [
      {
        "array_name": "controls",
        "operation": "insert_back",
        "value": [
          {
            "anvil_durability_gained_calc@tyel_container_calc_panels.anvil_durability_gained_calc": {}
          },
          {
            "container_item_type_switch@tyel_container_item_mode.container_item_type_switch_pocket": {
            }
          }
        ]
      },
      {
        "control_name": "container_gamepad_helpers",
        "operation": "remove"
      }
    ]
  }
}