{
  "price": {
    "font_type": "default"
  },

  "bundle_offer_item": {
    "size": [ "100% - 2px", "100%" ]
  },

  "bundle_factory_panel": {
    "type": "stack_panel",
    "orientation": "vertical",
    "size": [ "100%", "100%c" ],
    "modifications": [
      {
        "array_name": "controls",
        "operation": "insert_front",
        "value": [
          {
            "row_header": {
              "type": "panel",
              "size": [ "100%", "100%c - 1px" ],
              "controls": [
                {
                  "header_banner_default@tyel_oreui_design__misc.colored_category_block": {
                    "anchor_from": "top_middle",
                    "anchor_to": "top_middle",
                    "$category_outline_color": "$dark_border_default_color",
                    "$category_background_color": "$sidebar_bg_color",
                    "$category_label_color": "$main_header_text_color",
                    "$category_label": "store.coin.bundle"
                  }
                }
              ]
            }
          }
        ]
      },
      {
        "array_name": "controls",
        "operation": "insert_back",
        "value": [
          {
            "pad@common.empty_panel": {
              "size": [ 4, 4 ]
            }
          }
        ]
      }
    ]
  },

  "bundle_factory_panel/bundle_stack_factory": {
    "size": [ "100%", "72px" ]
  },

  "bundle_panel/loading_background": {
    "size": [ "100%", "85px" ]
  }
}