{
  "fancy_anim_content_log_bg_alpha": {
    "anim_type": "alpha",
    "easing": "in_quart",
    "destroy_at_end": "fancy_content_log_grid_item",
    "duration": 1,
    "from": 0.5,
    "to": 0
  },

  "fancy_anim_content_log_bg_wait": {
    "anim_type": "wait",
    "duration": "$content_log_item_lifetime",
    "next": "@content_log.fancy_anim_content_log_bg_alpha"
  },

  "anim_content_log_bg_offset_pop": {
    "anim_type": "offset",
    "easing": "out_expo",
    "duration": 0.5,
    "from": [ "50%", 0 ],
    "to": [ 0, 0 ],
    "next": "@content_log.anim_content_log_bg_offset_wait"
  },

  "anim_content_log_bg_offset_wait": {
    "anim_type": "wait",
    "duration": "($content_log_item_lifetime - 0.2)",
    "next": "@content_log.anim_content_log_bg_offset_push"
  },

  "anim_content_log_bg_offset_push": {
    "anim_type": "offset",
    "easing": "in_expo",
    "duration": 0.5,
    "from": [ 0, 0 ],
    "to": [ "50%", 0 ]
  },

  "content_log_label": {
    "size": [ "100% - 100px", "default" ],
    "hide_hyphen": true,
    "font_type": "default"
  },

  "content_log_grid_item/content_log_background": {
    "size": [ "100% + 100px", "100%c" ],
    "anchor_from": "top_left",
    "anchor_to": "top_left",
    "offset": "@content_log.anim_content_log_bg_offset_pop"
  },

  "fancy_content_log_grid_item": {
    "type": "panel",
    "layer": 1,
    "size": [ "100%-2px", "100%c" ],
    "anchor_from": "top_left",
    "anchor_to": "top_left",
    "controls": [
      {
        "content_log_label_text": {
          "type": "label",
          "layer": 31,
          "text": "#text",
          "size": [ "100%", "default" ],
          "hide_hyphen": true,
          "shadow": true,
          "localize": false,
          "color": "$chat_text_color",
          "anchor_from": "top_left",
          "anchor_to": "top_left",
          "offset": [ 2, 0 ],
          "anims": [
            "@content_log.anim_content_log_txt_wait"
          ],
          "bindings": [
            {
              "binding_name": "#content_log_text",
              "binding_type": "collection",
              "binding_collection_name": "content_log_text_grid",
              "binding_condition": "once"
            },
            {
              "binding_type": "view",
              "source_property_name": "(#content_log_text - '\r')",
              "target_property_name": "#text"
            }
          ]
        }
      },
      {
        "content_log_background": {
          "type": "image",
          "texture": "textures/ui/Black",
          "alpha": 0.5,
          "size": [ "100% + 100px", "100%c" ],
          "anchor_from": "top_left",
          "anchor_to": "top_left",
          "offset": "@content_log.anim_content_log_bg_offset_pop",
          "anims": [
            "@content_log.fancy_anim_content_log_bg_wait"
          ],
          "bindings": [
            {
              "binding_type": "view",
              "source_control_name": "content_log_label_text",
              "source_property_name": "(#text - '[error]' = #text)",
              "target_property_name": "#visible",
              "resolve_sibling_scope": true
            }
          ]
        }
      },
      {
        "error_content_log_background": {
          "type": "image",
          "texture": "textures/ui/White",
          "alpha": 0.5,
          "size": [ "100% + 100px", "100%c" ],
          "color": "$c_color_format",
          "anchor_from": "top_left",
          "anchor_to": "top_left",
          "offset": "@content_log.anim_content_log_bg_offset_pop",
          "anims": [
            "@content_log.fancy_anim_content_log_bg_wait"
          ],
          "bindings": [
            {
              "binding_type": "view",
              "source_control_name": "content_log_label_text",
              "source_property_name": "(not (#text - '[error]' = #text))",
              "target_property_name": "#visible",
              "resolve_sibling_scope": true
            }
          ]
        }
      }
    ]
  },

  "content_log_panel": {
    "anchor_from": "top_right",
    "anchor_to": "top_right",
    "size": [ "50% - 30px", "100%c" ],
    "max_size": [ "50% - 30px", "80%" ]
  }

  // "content_log_panel/stack_panel": {
  //   "factory": {
  //     "control_ids": {
  //       "content_log_item": "fancy_content_log_grid_item@content_log.fancy_content_log_grid_item"
  //     }
  //   }
  // }
}