{
  "namespace": "content_log_history_filter_menu",

  "chevron_icon_panel": {
    "type": "panel",
    "size": [ 16, "100%" ],
    "controls": [
      {
        "chevron_icon": {
          "type": "image",
          "size": [ 8, 10 ],
          "anchor_from": "$chevron_anchor",
          "anchor_to": "$chevron_anchor",
          "texture": "$chevron_icon"
        }
      }
    ]
  },

  "filter_option_button_content": {
    "type": "stack_panel",
    "orientation": "horizontal",
    "size": [ "100% - 12px", "100% - 4px" ],
    "$is_main_menu|default": false,
    "$selected_label_bindings|default": [],
    "controls": [
      {
        "left_chevron_icon_panel@content_log_history_filter_menu.chevron_icon_panel": {
          "ignored": "$is_main_menu",
          "$chevron_anchor": "left_middle",
          "$chevron_icon": "textures/ui/chevron_grey_left"
        }
      },
      {
        "filter_type_and_selected_panel": {
          "type": "stack_panel",
          "orientation": "vertical",
          "size": [ "fill", "100%" ],
          "controls": [
            {
              "top_padding": {
                "type": "panel",
                "size": [ "100%", "fill" ]
              }
            },
            {
              "filter_type_label": {
                "type": "label",
                "size": [ "100%", 10 ],
                "text": "$filter_type_label",
                "color": "$text_color"
              }
            },
            {
              "middle_padding": {
                "type": "panel",
                "size": [ "100%", 2 ]
              }
            },
            {
              "selected_label": {
                "type": "label",
                "size": [ "100%", 10 ],
                "visible": false,
                "text": "#text",
                "color": "$text_color",
                "alpha": 0.8,
                "bindings": "$selected_label_bindings"
              }
            },
            {
              "bottom_padding": {
                "type": "panel",
                "size": [ "100%", "fill" ]
              }
            }
          ]
        }
      },
      {
        "right_chevron_icon_panel@content_log_history_filter_menu.chevron_icon_panel": {
          "ignored": "(not $is_main_menu)",
          "$chevron_anchor": "right_middle",
          "$chevron_icon": "textures/ui/chevron_grey_right"
        }
      }
    ]
  },

  "filter_options_button_panel": {
    "type": "panel",
    "size": "$filter_button_panel_size",
    "$filter_options_section_toggle_name": "($filter_options_section_name + '__section')",
    "$toggle_group_forced_index": 0,
    "$radio_toggle_group": false,
    "$is_main_menu|default": false,
    "$reset_on_focus_lost": true,
    "controls": [
      {
        "$filter_options_section_toggle_name@common_toggles.light_content_toggle_visibility_one_button_state": {
          "size": "$filter_button_size",
          "anchor_from": "right_middle",
          "anchor_to": "right_middle",
          "$toggle_name": "$filter_options_section_toggle_name",
          "$button_content": "content_log_history_filter_menu.filter_option_button_content",
          "button_mappings": [
            {
              "from_button_id": "button.menu_select",
              "to_button_id": "button.menu_select",
              "mapping_type": "pressed"
            },
            {
              "from_button_id": "button.menu_ok",
              "to_button_id": "button.menu_ok",
              "mapping_type": "focused"
            },
            {
              "ignored": "$is_main_menu",
              "from_button_id": "button.menu_cancel",
              "to_button_id": "button.menu_select",
              "mapping_type": "global"
            }
          ]
        }
      }
    ]
  },

  "filter_section_content": {
    "type": "stack_panel",
    "orientation": "vertical",
    "size": [ "100%", "100%c" ],
    "anchor_to": "top_right",
    "anchor_from": "top_right",
    "layer": 10,
    "controls": [
      {
        "section_title_button@content_log_history_filter_menu.filter_options_button_panel": {
          "$filter_button_size": [ "100%", "100%" ],
          "$toggle_group_forced_index": 1,
          "$radio_toggle_group": true,
          "$toggle_default_state": true
        }
      }
    ]
  },

  "filter_sort_toggle@common_toggles.dark_content_toggle": {
    "size": "$filter_button_panel_size",
    "$button_size_override": [ "100%", "100% + 1px" ],
    "$toggle_name": "($filter_section_prefix + '_filter_toggle')",
    "$unchecked_locked_texture": "textures/ui/banners_no_border",
    "$checked_locked_texture": "textures/ui/banners_no_border",
    "$default_texture": "textures/ui/banners_no_border",
    "$hover_texture": "textures/ui/banners_no_border",
    "$pressed_texture": "textures/ui/banners_no_border_dark_hover",
    "$pressed_no_hover_texture": "textures/ui/banners_no_border_dark_hover",
    "$default_text_color": "$dark_toggle_checked_default_text_color",
    "$hover_text_color": "$dark_toggle_checked_hover_text_color",
    "$default_checked_glyph_color": "$dark_glyph_toggle_default_color",
    "$hover_checked_glyph_color": "$dark_glyph_toggle_hover_color",
    "$border_visible": true,
    "$toggle_default_state": true,
    "$ignore_content_toggle_image": true
  },

  "filter_sort_toggle_button@common_toggles.dark_text_toggle": {
    "size": "$filter_button_panel_size",
    "$button_size_override": [ "100%", "100% + 1px" ],
    "$toggle_name": "($filter_section_prefix + '_filter_toggle')",
    "$radio_toggle_group": true,
    "$toggle_default_state": true,
    "$button_text": "store.search.filters.clear",
    "$hover_texture": "textures/ui/button_borderless_dark",
    "$pressed_texture": "textures/ui/button_borderless_darkhover",
    "$pressed_no_hover_texture": "textures/ui/button_borderless_darkhover"
  },

  "filter_section_content_panel": {
    "type": "panel",
    "size": [ "100%", "100%c" ],
    "bindings": [
      {
        "binding_type": "view",
        "source_control_name": "($filter_options_section_name + '__section')",
        "source_property_name": "#toggle_state",
        "target_property_name": "#visible"
      }
    ],
    "controls": [
      {
        "filter_menu_screen@$filter_section_screen_content": {
          "size": [ "100%", "100%c" ]
        }
      }
    ]
  },

  "filter_title_bar_button_content": {
    "type": "stack_panel",
    "size": [ "100% - 4px", "100% - 4px" ],
    "orientation": "horizontal",
    "controls": [
      {
        "filter_logo_panel": {
          "type": "panel",
          "size": [ 29, "100%" ],
          "controls": [
            {
              "filter_logo_image": {
                "type": "image",
                "size": [ 17, 17 ],
                "$filter_logo_offset|default": [ 1, 0 ],
                "offset": "$filter_logo_offset",
                "$filter_logo_anchor|default": "left_middle",
                "anchor_from": "$filter_logo_anchor",
                "anchor_to": "$filter_logo_anchor",
                "texture": "textures/ui/store_filter_icon"
              }
            }
          ]
        }
      },
      {
        "centered_filter_title_label": {
          "type": "panel",
          "size": [ "fill", "100%" ],
          "controls": [
            {
              "filter_title_label": {
                "type": "label",
                "size": [ "100%", 10 ],
                "text": "$button_text",
                "color": "$text_color"
              }
            }
          ]
        }
      },
      {
        "filter_title_padding_close_button": {
          "type": "panel",
          "size": [ 2, "100%" ]
        }
      },
      {
        "centered_x": {
          "type": "panel",
          "size": [ 15, "100%" ],
          "layer": 2, // want to be above parent button (filter_title_bar)
          "controls": [
            {
              "close_x_image": {
                "type": "image",
                "size": [ 15, 15 ],
                "texture": "textures/ui/close_button_default_light",
                "color": "$text_color"
              }
            }
          ]
        }
      }
    ]
  },

  "filter_title_bar": {
    "type": "panel",
    "size": "$filter_button_panel_size",
    "layer": 1,
    "controls": [
      {
        "close_content_log_history_filter_menu@common_toggles.light_content_toggle_visibility": {
          "$toggle_name": "content_log_history_filter_menu_toggle",
          "$button_content": "content_log_history_filter_menu.filter_title_bar_button_content",
          "$button_text": "contentlog.filter.title",
          "$radio_toggle_group": true,
          "$toggle_group_forced_index": 0,
          "$toggle_default_state": true,
          "reset_on_focus_lost": true,
          "$toggle_tts_name": "accessibility.button.tts.title",
          "$toggle_tts_toggle_on_text": "",
          "$toggle_tts_toggle_off_text": "",
          "button_mappings": [
            {
              "from_button_id": "button.menu_select",
              "to_button_id": "button.menu_select",
              "mapping_type": "pressed"
            },
            {
              "from_button_id": "button.menu_ok",
              "to_button_id": "button.menu_ok",
              "mapping_type": "focused"
            },
            {
              "from_button_id": "button.menu_cancel",
              "to_button_id": "button.menu_select",
              "mapping_type": "global"
            }
          ]
        }
      }
    ]
  },

  "filter_main_menu_content": {
    "type": "stack_panel",
    "orientation": "vertical",
    "size": [ "100%", "100%c" ],
    "anchor_to": "top_right",
    "anchor_from": "top_right",
    "$is_main_menu": true,
    "controls": [
      {
        "filter_title_bar_panel@content_log_history_filter_menu.filter_title_bar": {}
      },
      {
        "warning_logs_filter_holder": {
          "type": "panel",
          "size": "$filter_button_panel_size",
          "controls": [
            {
              "warning_logs_filter_toggle@content_log_history_filter_menu.filter_sort_toggle": {
                "size": "$filter_button_size",
                "anchor_from": "right_middle",
                "anchor_to": "right_middle",
                "$toggle_view_binding_name": "warning_logs_filter",
                "$toggle_name": "warning_logs_filter",
                "$content_toggle_label": "contentlog.filter.warnings"
              }
            }
          ]
        }
      },
      {
        "error_logs_filter_holder": {
          "type": "panel",
          "size": "$filter_button_panel_size",
          "controls": [
            {
              "error_logs_filter_toggle@content_log_history_filter_menu.filter_sort_toggle": {
                "size": "$filter_button_size",
                "anchor_from": "right_middle",
                "anchor_to": "right_middle",
                "$toggle_view_binding_name": "error_logs_filter",
                "$toggle_name": "error_logs_filter",
                "$content_toggle_label": "contentlog.filter.errors"
              }
            }
          ]
        }
      }
    ]
  },

  "filter_menu_content": {
    "type": "panel",
    "size": [ "100%", "100%c" ],
    "$log_type_selected_label_bindings": [],
    "controls": [
      {
        "filter_main_menu_content@content_log_history_filter_menu.filter_main_menu_content": {}
      }
    ]
  },

  "filter_menu_panel": {
    "type": "stack_panel",
    "orientation": "vertical",
    "size": [ "40%", "100% - 28px" ],
    "anchor_from": "top_right",
    "anchor_to": "top_right",
    "offset": [ 0, 28 ],
    "layer": 2,
    "$filter_button_panel_size|default": [ "100%", 30 ],
    "$filter_button_size|default": [ "100% - 16px", "100%" ],
    "controls": [
      {
        // added to align with search bar
        "top_padding": {
          "type": "panel",
          "size": [ "100%", 4 ]
        }
      },
      {
        "filter_menu_content_scroll@common.scrolling_panel": {
          "size": [ "100%", "fill" ],
          "anchor_from": "top_right",
          "anchor_to": "top_right",
          "$scrolling_pane_offset": [ 0, 0 ],
          "$scroll_size": [ 5, "100% - 4px" ],
          "$scroll_bar_left_padding_size": [ 0, 0 ],
          "$bar_visible": false,
          "$show_background": false,
          "$scroll_panel_consume_hover_events": false,
          "$scrolling_content": "content_log_history_filter_menu.filter_menu_content"
        }
      },
      {
        "bottom_padding": {
          "type": "panel",
          "size": [ "100%", 4 ]
        }
      }
    ]
  },

  "content_log_history_filter_menu_screen_content@common.modal_area_panel_base": {
    "layer": 450,
    "controls": [
      {
        "filter_main_panel": {
          "type": "panel",
          "max_size": "$store_filter_or_sort_menu_panel_max_size",
          "$store_filter_or_sort_menu_panel_max_size|default": [ 800, "100%" ],
          "anchor_from": "right_middle",
          "anchor_to": "right_middle",
          "offset": [ -2, 0 ],
          "layer": 2,
          "controls": [
            {
              "filter_main_panel@content_log_history_filter_menu.filter_menu_panel": {}
            }
          ]
        }
      },
      {
        "close_content_log_history_filter_menu_background@common_toggles.light_template_toggle": {
          "size": [ "100%", "100%" ],
          "anchor_from": "center",
          "anchor_to": "center",
          "$unchecked_control": "common.empty_panel",
          "$checked_control": "common.empty_panel",
          "$unchecked_hover_control": "common.empty_panel",
          "$checked_hover_control": "common.empty_panel",
          "$unchecked_locked_control": "common.empty_panel",
          "$checked_locked_control": "common.empty_panel",
          "$unchecked_locked_hover_control": "common.empty_panel",
          "$checked_locked_hover_control": "common.empty_panel",
          "$toggle_name": "content_log_history_filter_menu_toggle",
          "$toggle_group_forced_index": 2,
          "$radio_toggle_group": true,
          "$toggle_focus_enabled": false,
          "sound_volume": 0,
          "$ignore_tts_enabled_bind": true,
          "layer": 1
        }
      },
      {
        "background_image": {
          "type": "image",
          "size": [ "150%", "150%" ],
          "texture": "textures/ui/screen_background",
          "alpha": 0.8
        }
      }
    ],
    "bindings": [
      {
        "binding_type": "view",
        "source_control_name": "close_content_log_history_filter_menu",
        "source_property_name": "#toggle_state",
        "target_property_name": "#toggle_state_a"
      },
      {
        "binding_type": "view",
        "source_control_name": "close_content_log_history_filter_menu_background",
        "source_property_name": "#toggle_state",
        "target_property_name": "#toggle_state_b"
      },
      {
        "binding_type": "view",
        "source_property_name": "(not (#toggle_state_a or #toggle_state_b))",
        "target_property_name": "#visible"
      },
      {
        "binding_type": "view",
        "source_property_name": "#visible",
        "target_property_name": "#modal"
      }
    ]
  }
}