{
  "inventory_panel/scrolling_panel": {
    "$item_highlighter_required": true
  },

  "header_area": {
    "modifications": [
      {
        "array_name": "controls",
        "operation": "insert_back",
        "value": [
          {
            "item_highlighter_text_box_panel@tyel_common.item_highlighter_text_box_panel": {
              "size": [ "50% + 5px", 20 ],
              "max_size": [ "50% + 5px", 20 ],
              "anchor_from": "top_left",
              "anchor_to": "top_left",
              "offset": [ 4, 2 ],
              "$use_panel_touch_mode": true
            }
          }
        ]
      }
    ]
  },

  "panel": {
    "$container_item_mode_supported": true,
    "modifications": [
      {
        "array_name": "controls",
        "operation": "insert_back",
        "value": [
          {
            "pocket_container_toolbox_content@tyel_container_common.pocket_container_toolbox_content": {
              "anchor_from": "bottom_middle",
              "anchor_to": "bottom_middle",
              "offset": [ 0, -24 ]
            }
          },
          {
            "container_item_mode_switch_panel@tyel_container_item_mode.container_item_mode_switch_panel_pocket": {
            }
          },
          {
            "container_item_type_switch@tyel_container_item_mode.container_item_type_switch_pocket": {
            }
          }
        ]
      },
      {
        "control_name": "container_gamepad_helpers",
        "operation": "remove"
      }
    ]
  }
}