{
  "create_world_upsell": {
    "$force_render_below": true,
    "$is_full_screen_layout": true,
    "$screen_helpers_content": "common.common_screen_helpers",
    "$screen_animations": [
      "@common.container_screen_exit_animation_push",
      "@common.container_screen_exit_animation_pop",
      "@common.container_screen_entrance_animation_push",
      "@common.container_screen_entrance_animation_pop",
      "@common.screen_exit_animation_push_fade",
      "@common.screen_exit_animation_pop_fade",
      "@common.screen_entrance_animation_push_fade",
      "@common.screen_entrance_animation_pop_fade"
    ]
  }
}