{
  "progress_bar_nub": {
    "ignored": true
  },

  "button_common@common_buttons.tyel_design:light_text_button": {
    "layer": 1,
    "size": [ "100%", "100%" ]
  },

  "common_label": {
    "size": [ "default", "default" ],
    "shadow": true,
    "font_scale_factor": "$font_scale_factor",
    "font_type": "$font_type",
    "$font_scale_factor|default": 1,
    "$font_type|default": "normal",
    "$use_mcten_font|default": false,
    "variables": [
      {
        "requires": "$use_mcten_font",
        "$font_scale_factor": 1.5,
        "$font_type": "MinecraftTen"
      }
    ]
  },

  "single_title_panel": {
    "size": [ "100% - 4px", "100%cm" ]
  },

  "dual_title_panel": {
    "size": [ "100% - 4px", "100%cm" ]
  },

  "content_stack_panel": {
    "size": [ "100% - 4px", "100%c" ],
    "controls": [
      {
        "message@message_text_panel": {
          "layer": 1,
          "size": [ "100%", 10 ]
        }
      },
      {
        "description@progress_text_panel": {
          "layer": 1,
          "size": [ "100%", 10 ]
        }
      }
    ]
  },

  "warning_content_panel": {
    "size": [ "100%", "100%c" ]
  },

  "file_upload_content": {
    "type": "panel",
    "controls": [
      {
        "title_panel_content@common_art.title_panel_content": {
          "$splash_text_visible": false,
          "layer": -1
        }
      },
      {
        "content": {
          "type": "stack_panel",
          "orientation": "vertical",
          "size": [ "100%", "100%c" ],
          "anchor_from": "bottom_middle",
          "anchor_to": "bottom_middle",
          "offset": [ 0, -12 ],
          "controls": [
            {
              "buttons": {
                "type": "panel",
                "size": [ "100%", 24 ],
                "controls": [
                  {
                    "buttons@file_upload.button_panel": {
                      "layer": 2,
                      "size": [ 100, 24 ]
                    }
                  }
                ]
              }
            },
            {
              "title@file_upload.upload_title_panel": {
                "layer": 2,
                "size": [ "100%", "100%cm" ],
                "$use_mcten_font": true
              }
            },
            {
              "content@file_upload.content_panel": {
                "layer": 2,
                "size": [ "100%", "100%cm" ]
              }
            }
          ]
        }
      },
      {
        "progress@file_upload.progress_bar_icon": {
          "layer": 1,
          "size": [ "100% - 4px", 10 ],
          "anchor_from": "bottom_middle",
          "anchor_to": "bottom_middle",
          "offset": [ 0, -2 ]
        }
      },
      {
        "close_button@common_buttons.tyel_design:light_content_button": {
          "visible": "$close_button_visible",
          "$close_button_visible|default": false,
          "size": [ 24, 24 ],
          "anchor_from": "top_right",
          "anchor_to": "top_right",
          "$pressed_button_name": "button.menu_exit",
          "$button_tts_header": "accessibility.button.close",
          "$button_content": "file_upload.close_button_image"
        }
      }
    ]
  },

  "close_button_image": {
    "type": "image",
    "texture": "textures/ui/close_button_default_light",
    "color": "$text_color",
    "size": [ 15, 15 ]
  },

  "file_transmission_screen": {
    "$use_custom_panorama": "$is_pregame",
    "$screen_animations": [
      "@common.screen_exit_animation_push_fade",
      "@common.screen_exit_animation_pop_fade",
      "@common.screen_entrance_animation_push_fade",
      "@common.screen_entrance_animation_pop_fade"
    ]
  }
}