{
  "bundle_tooltip/weight_bar": {
    "modifications": [
      {
        "array_name": "controls",
        "operation": "insert_back",
        "value": [
          {
            "weight_bar_percentage_panel": {
              "type": "panel",
              "size": [ "100%c", "100%c" ],
              "layer": 2,
              "bindings": [
                {
                  "binding_name": "#is_selected_bundle_full"
                },
                {
                  "binding_name": "#is_selected_bundle_empty"
                },
                {
                  "binding_type": "view",
                  "source_property_name": "(not #is_selected_bundle_full and not #is_selected_bundle_empty)",
                  "target_property_name": "#visible"
                }
              ],
              "controls": [
                {
                  "weight_bar_percentage_label@tyel_percentage.progress_percentage_label_template": {
                    "$progress_binding_name": "#bundle_weight_bar_ratio",
                    "$progress_binding_condition": "always_when_visible",
                    "$progress_binding_type": "global",
                    "$percentage_text_shadow": true,
                    "$percentage_text_color": "$sub_header_text_color"
                  }
                }
              ]
            }
          }
        ]
      }
    ]
  }
}