{
  "header": {
    "modifications": [
      {
        "array_name": "controls",
        "operation": "insert_back",
        "value": [
          {
            "container_item_mode_switch_panel@tyel_container_item_mode.container_item_mode_switch_panel_pocket_header": {}
          }
        ]
      }
    ]
  },

  "inventory_and_grindstone_panel": {
    "modifications": [
      {
        "array_name": "controls",
        "operation": "insert_back",
        "value": [
          {
            "drop_buttons_panel@tyel_container_common.drop_buttons_panel_pocket_containers": {
              "$hover_text_anchor": "right_middle",
              "$hover_text_offset": [ -8, 2 ],
              "anchor_from": "bottom_right",
              "anchor_to": "bottom_right",
              "offset": [ -4, -4 ]
            }
          }
        ]
      }
    ]
  },

  "slots_panel": {
    "$hover_text_anchor": "right_middle",
    "$hover_text_offset": [ -8, 2 ],
    "modifications": [
      {
        "array_name": "controls",
        "operation": "insert_back",
        "value": [
          {
            "durability_gained_label@grindstone.durability_gained_label": {
              "offset": [ -1, 16 ]
            }
          },
          {
            "durability_gained_label_negative@grindstone.durability_gained_label": {
              "offset": [ -1, 16 ],
              "$is_negative": true
            }
          }
        ]
      }
    ]
  },

  "grindstone_panel": {
    "$container_item_mode_supported": true,
    "modifications": [
      {
        "array_name": "controls",
        "operation": "insert_back",
        "value": [
          {
            "grindstone_durability_gained_calc@tyel_container_calc_panels.grindstone_durability_gained_calc": {}
          },
          {
            "container_item_type_switch@tyel_container_item_mode.container_item_type_switch_pocket": {
            }
          }
        ]
      },
      {
        "control_name": "container_gamepad_helpers",
        "operation": "remove"
      }
    ]
  }
}