{
  "half_screen_renderer": {
    "modifications": [
      {
        "array_name": "controls",
        "operation": "insert_back",
        "value": [
          {
            "horse_label@common.section_heading_label": {
              "anchor_from": "top_right",
              "anchor_to": "top_right",
              "offset": [ -10, 10 ],
              "text": "$container_title",
              "layer": 3
            }
          },
          {
            "horse_heart_renderer": {
              "type": "custom",
              "size": [ 1, 1 ],
              "renderer": "horse_heart_renderer",
              "anchor_from": "top_right",
              "anchor_to": "top_right",
              "offset": [ -10, 20 ],
              "layer": 3
            }
          }
        ]
      }
    ]
  },

  "horse_panel": {
    "modifications": [
      {
        "control_name": "gamepad_helpers",
        "operation": "remove"
      }
    ]
  }
}