{
  "right_tab_navigation_panel_pocket/content/fill": {
    "controls": [
      {
        "compact_container_item_mode_switch_panel@tyel_container_item_mode.compact_container_item_mode_switch_panel": {
          "$panel_anchor_from": "right_middle",
          "$panel_anchor_to": "right_middle",
          "$panel_offset": [ 0, -12 ],
          "$hover_text_anchor": "right_middle",
          "$hover_text_offset": [ -8, 2 ],
          "layer": 5
        }
      },
      {
        "container_item_type_switch@tyel_container_item_mode.compact_container_item_type_switch": {}
      }
    ]
  },

  "inventory_tab_content": {
    "controls": [
      {
        "tab_content_search_bar_panel": {
          "type": "stack_panel",
          "size": [ "100% - 12px", "100% - 12px" ],
          "orientation": "vertical",

          "controls": [
            {
              "vertical_padding_1@common.empty_panel": {
                "size": [ 0, 2 ]
              }
            },
            {
              "creative_label_and_filter_toggle_holder": {
                "type": "stack_panel",
                "size": [ "100%", 10 ],
                "orientation": "horizontal",
                "controls": [
                  {
                    "padding_1": {
                      "type": "panel",
                      "size": [ 3, 0 ]
                    }
                  },
                  {
                    "creative_label": {
                      "type": "label",
                      "size": [ "fill", "100%" ],
                      "text_alignment": "right",
                      "color": "$title_text_color",
                      "layer": 2,
                      "text": "craftingScreen.tab.survival"
                    }
                  }
                ]
              }
            },
            {
              "vertical_padding_2@common.empty_panel": {
                "size": [ 0, 3 ]
              }
            },
            {
              "search_and_filter_panel": {
                "type": "stack_panel",
                "orientation": "horizontal",
                "size": [ "100%", 16 ],
                "layer": 2,
                "controls": [
                  {
                    "text_edit_control@common.text_edit_box": {
                      "size": [ "100%", "100%" ],

                      "property_bag": {
                        "#property_field": "#item_name"
                      },

                      "max_length": 50,
                      "$place_holder_text": "itemGroup.search",
                      "$text_edit_text_control": "recipe_search_bar_display_text",
                      "$text_edit_binding_name": "#text_box_item_name",
                      "$text_edit_box_label_size": [ "default", 10 ],
                      "$text_edit_box_hovered_button_id": "button.search_bar_hovered",
                      "$text_edit_box_clear_to_button_id": "button.search_bar_clear",
                      "$text_edit_box_selected_to_button_id": "button.search_bar_selected",
                      "$text_edit_box_deselected_to_button_id": "button.search_bar_deselected",

                      "focus_wrap_enabled": false,

                      "$focus_id": "recipe_search_bar"
                    }
                  }
                ]
              }
            },
            {
              "vertical_padding_3@common.empty_panel": {
                "size": [ 0, 2 ]
              }
            },
            {
              "scroll_pane@$scrolling_pane_control": {
                "size": [ "100%", "fill" ]
              }
            }
          ]
        }
      }
    ]
  },

  "grid_item_for_inventory": {
    "$container_item_mode_supported": true,
    "$button_ref_auto_place_all": "crafting.inventory_container_slot_button_auto_place_all",
    "$button_ref_auto_place_one": "crafting.inventory_container_slot_button_auto_place_one",
    "$button_ref_drop_all": "crafting.inventory_container_slot_button_drop_all",
    "$button_ref_drop_one": "crafting.inventory_container_slot_button_drop_one"
  },

  "hotbar_grid_item": {
    "$container_item_mode_supported": true,
    "$button_ref_auto_place_all": "crafting.inventory_container_slot_button_auto_place_all",
    "$button_ref_auto_place_one": "crafting.inventory_container_slot_button_auto_place_one",
    "$button_ref_drop_all": "crafting.inventory_container_slot_button_drop_all",
    "$button_ref_drop_one": "crafting.inventory_container_slot_button_drop_one"
  },

  "crafting_arrow_down_image": {
    "type": "image",
    "layer": 3,
    "texture": "textures/ui/arrow_down",
    "anchor_from": "top_middle",
    "anchor_to": "top_middle",
    "size": [ 20, 30 ]
  },

  "crafting_arrow_down": {
    "$use_quick_craft_button|default": true,
    "$arrow_alpha|default": 0,
    "$arrow_controls|default": [
      {
        "quick_craft@crafting.quick_craft": {
          "$arrow_image": "crafting_pocket.crafting_arrow_down_image"
        }
      }
    ],
    "alpha": "$arrow_alpha",
    "controls": "$arrow_controls",
    "variables": [
      {
        "requires": "(not $use_quick_craft_button)",
        "$arrow_alpha": 1,
        "$arrow_controls": []
      }
    ]
  },

  "survival_panel_crafting_pocket": {
    "modifications": [
      {
        "array_name": "controls",
        "operation": "insert_back",
        "value": [
          {
            "item_cell_buttons_panel@tyel_common.item_cell_buttons_panel": {
              "$is_inventory_screen": true,
              "$hover_text_anchor": "right_middle",
              "$hover_text_offset": [ -8, 2 ],
              "anchor_from": "bottom_right",
              "anchor_to": "bottom_right",
              "offset": [ -6, -6 ],
              "layer": 3
            }
          }
        ]
      }
    ]
  },

  "pocket_armor_tab_content/equipment_and_renderer": {
    "$item_icon_size|default": [ 28, 28 ],
    "$item_size": [ 24, 24 ],
    "modifications": [
      {
        "array_name": "controls",
        "operation": "insert_back",
        "value": [
          {
            "toolbox_wrapper": {
              "type": "panel",
              "size": [ 28, "100%" ],
              "controls": [
                {
                  "pocket_container_toolbox_content@tyel_container_common.pocket_inventory_container_toolbox_content": {
                    "anchor_from": "bottom_right",
                    "anchor_to": "bottom_right",
                    "$hover_text_anchor": "right_middle",
                    "$hover_text_offset": [ -8, 2 ]
                  }
                }
              ]
            }
          }
        ]
      }
    ]
  },

  "pocket_armor_tab_content/equipment_and_renderer/equipment/armor_grid/head_grid_item": {
    "$container_item_mode_supported": true,
    "$button_ref_auto_place_all": "crafting.no_coalesce_container_slot_button_auto_place_all",
    "$button_ref_auto_place_one": "crafting.no_coalesce_container_slot_button_auto_place_one",
    "$button_ref_drop_all": "crafting.no_coalesce_container_slot_button_drop_all",
    "$button_ref_drop_one": "crafting.no_coalesce_container_slot_button_drop_one"
  },

  "pocket_armor_tab_content/equipment_and_renderer/equipment/armor_grid/chest_grid_item": {
    "$container_item_mode_supported": true,
    "$button_ref_auto_place_all": "crafting.no_coalesce_container_slot_button_auto_place_all",
    "$button_ref_auto_place_one": "crafting.no_coalesce_container_slot_button_auto_place_one",
    "$button_ref_drop_all": "crafting.no_coalesce_container_slot_button_drop_all",
    "$button_ref_drop_one": "crafting.no_coalesce_container_slot_button_drop_one"
  },

  "pocket_armor_tab_content/equipment_and_renderer/equipment/armor_grid/legs_grid_item": {
    "$container_item_mode_supported": true,
    "$button_ref_auto_place_all": "crafting.no_coalesce_container_slot_button_auto_place_all",
    "$button_ref_auto_place_one": "crafting.no_coalesce_container_slot_button_auto_place_one",
    "$button_ref_drop_all": "crafting.no_coalesce_container_slot_button_drop_all",
    "$button_ref_drop_one": "crafting.no_coalesce_container_slot_button_drop_one"
  },

  "pocket_armor_tab_content/equipment_and_renderer/equipment/armor_grid/feet_grid_item": {
    "$container_item_mode_supported": true,
    "$button_ref_auto_place_all": "crafting.no_coalesce_container_slot_button_auto_place_all",
    "$button_ref_auto_place_one": "crafting.no_coalesce_container_slot_button_auto_place_one",
    "$button_ref_drop_all": "crafting.no_coalesce_container_slot_button_drop_all",
    "$button_ref_drop_one": "crafting.no_coalesce_container_slot_button_drop_one"
  },

  "pocket_armor_tab_content/equipment_and_renderer/equipment/offhand_grid/offhand_grid_item": {
    "$container_item_mode_supported": true,
    "$button_ref_auto_place_all": "crafting.no_coalesce_container_slot_button_auto_place_all",
    "$button_ref_auto_place_one": "crafting.no_coalesce_container_slot_button_auto_place_one",
    "$button_ref_drop_all": "crafting.no_coalesce_container_slot_button_drop_all",
    "$button_ref_drop_one": "crafting.no_coalesce_container_slot_button_drop_one"
  },

  "inventory_screen_pocket_base": {
    "$is_inventory_screen": true,
    "$item_highlighter_required": true,
    "$item_highlighter_custom_source_control_name": "recipe_search_bar_display_text",
    "$screen_helpers_content": "crafting_pocket.inventory_gamepad_helpers_content_pocket"
  },

  "inventory_gamepad_helpers_content_pocket@common.stacked_container_gamepad_helpers": {
    "$helper_x_control": "crafting.inventory_x_gamepad_helper",
    "$helper_y_control": "crafting.inventory_y_gamepad_helper",
    "$helper_a_control": "crafting.inventory_a_gamepad_helper",
    "$helper_b_control": "crafting.inventory_b_gamepad_helper"
  },

  "left_panel": {
    "modifications": [
      {
        "array_name": "controls",
        "operation": "insert_back",
        "value": [
          {
            "recipe_book_toolbar_panel_content@tyel_container_item_mode.recipe_book_toolbar_panel_content": {
              "anchor_from": "top_left",
              "anchor_to": "top_left",
              "offset": [ 6, 4 ]
            }
          }
        ]
      }
    ]
  },

  "both_panels": {
    "$container_item_mode_supported": true
  },

  "recipe_inventory_screen_content_pocket": {
    "modifications": [
      {
        "array_name": "controls",
        "operation": "insert_back",
        "value": [
          {
            "destroy_items_warning_tooltip@tyel_common.destroy_items_warning_tooltip": {
              "offset": [ 0, -37 ]
            }
          },
          {
            "crafting_screen_calc_panels@tyel_container_calc_panels.crafting_screen_calc_panels": {}
          }
        ]
      },
      {
        "control_name": "container_gamepad_helpers_pocket",
        "operation": "remove"
      }
    ]
  }
}