{
  "tab_offset_anim": {
    "from": [ 30, 0 ],
    "to": [ 0, 0 ]
  },

  "crafting_panel_2x2": {
    "$show_durability_label": true
  },

  "work_bench_panel_3x3": {
    "$show_durability_label": true
  },

  "work_bench_panel_3x3/work_bench_output_grid": {
    "offset": [ 94, 30 ]
  },

  "gamepad_helper_bumpers": {
    "$left_bumper_anchor_from|default": "top_right",
    "$left_bumper_anchor_to|default": "bottom_right",
    "$right_bumper_anchor_from|default": "bottom_right",
    "$right_bumper_anchor_to|default": "top_right"
  },

  "gamepad_helper_bumpers/gamepad_helper_left_bumper": {
    "offset": [ 0, 4 ]
  },

  "left_tab@common_tabs.tab_left": {},

  "top_tab@crafting.left_tab": {
    "size": [ "100%", 25 ],
    "alpha": 0.2,
    "$anims|default": [],
    "anims": "$anims",
    "$offset_override|default": [ 0, 0 ],
    "offset": "$offset_override",
    "$toggle_focus_enabled": false,
    "$toggle_name": "navigation_tab",
    "$toggle_group_default_selected": "$construction_index",
    "$tab_content": "crafting.empty_tab_panel",
    "$allow_controller_back_button_mapping": "$is_ps4"
  },

  "search_tab": {
    "$is_bottom_most_tab": true,
    "$focus_override_up": "nature_tab",
    "$focus_override_down": "FOCUS_OVERRIDE_STOP",
    "$focus_override_left": "FOCUS_OVERRIDE_STOP",
    "$focus_override_right": ""
  },

  "construction_tab": {
    "$is_top_most_tab": false,
    "$focus_override_up": "",
    "$focus_override_down": "equipment_tab",
    "$focus_override_left": "FOCUS_OVERRIDE_STOP",
    "$focus_override_right": "",
    "$unchecked_default_image": "textures/ui/TabLeftBack",
    "$unchecked_hover_image": "textures/ui/TabLeftBackHover",
    "$unchecked_locked_image": "textures/ui/TabLeftBack",
    "$unchecked_locked_hover_image": "textures/ui/TabLeftBack",

    "$checked_default_image": "textures/ui/TabLeftFront",
    "$checked_hover_image": "textures/ui/TabLeftFrontHover",
    "$checked_locked_image": "textures/ui/TabLeftFront",
    "$checked_locked_hover_image": "textures/ui/TabLeftFront",
    "variables": [
      {
        "requires": "$animate",
        "$anims": [ "@crafting.tab_wait_anim" ],
        "$offset_override": [ 30, 0 ]
      }
    ]
  },

  "equipment_tab": {
    "$focus_override_up": "construction_tab",
    "$focus_change_down": "items_tab",
    "$focus_override_left": "FOCUS_OVERRIDE_STOP",
    "$focus_override_right": "",
    "variables": [
      {
        "requires": "$animate",
        "$anims": [ "@crafting.tab_wait_anim" ],
        "$offset_override": [ 30, 0 ]
      }
    ]
  },

  "items_tab": {
    "$focus_override_up": "equipment_tab",
    "$focus_change_down": "nature_tab",
    "$focus_override_left": "FOCUS_OVERRIDE_STOP",
    "$focus_override_right": "",
    "variables": [
      {
        "requires": "$animate",
        "$anims": [ "@crafting.tab_wait_anim" ],
        "$offset_override": [ 30, 0 ]
      }
    ]
  },

  "nature_tab": {
    "$focus_override_up": "items_tab",
    "$focus_change_down": "search_tab",
    "$focus_override_left": "FOCUS_OVERRIDE_STOP",
    "$focus_override_right": "",
    "variables": [
      {
        "requires": "$animate",
        "$anims": [ "@crafting.tab_wait_anim" ],
        "$offset_override": [ 30, 0 ]
      }
    ]
  },

  "tab_navigation_panel_layout": {
    "size": [ 30, "100%" ]
  },

  "tab_navigation_panel_layout/navigation_tabs": {
    "size": [ "100%", "fill" ],
    "modifications": [
      {
        "array_name": "controls",
        "operation": "insert_back",
        "value": [
          {
            "bottom_tabs": {
              "type": "stack_panel",
              "orientation": "vertical",
              "size": [ "100% + 8px", "100%" ],
              "anchor_from": "top_left",
              "anchor_to": "top_left",
              "offset": [ -4, 0 ],
              "controls": [
                {
                  "fill_padding": {
                    "type": "panel",
                    "size": [ "100%", 141 ]
                  }
                },
                {
                  "search_tab_holder": {
                    "type": "panel",
                    "size": [ "100%", 25 ],
                    "controls": [
                      {
                        "search_tab@crafting.search_tab": {
                          "size": [ "100%", 25 ]
                        }
                      }
                    ]
                  }
                }
              ]
            }
          }
        ]
      }
    ]
  },

  "tab_navigation_panel_layout/navigation_tabs/content": {
    "orientation": "vertical",
    "size": [ "100% + 8px", "100%" ],
    "offset": [ -4, 0 ],
    "controls": [
      {
        "construction_tab_panel": {
          "type": "panel",
          "size": [ "100%", "100%c" ],
          "max_size": [ "100%", 25 ],
          "controls": [
            {
              "construction_tab_factory": {
                "type": "factory",
                "size": [ "100%", "100%c" ],
                "control_ids": {
                  "construction_tab": "@crafting.construction_tab"
                }
              }
            }
          ]
        }
      },
      {
        "equipment_tab_panel": {
          "type": "panel",
          "size": [ "100%", "100%c" ],
          "max_size": [ "100%", 25 ],
          "controls": [
            {
              "equipment_tab_factory": {
                "type": "factory",
                "size": [ "100%", "100%c" ],
                "control_ids": {
                  "equipment_tab": "@crafting.equipment_tab"
                }
              }
            }
          ]
        }
      },
      {
        "items_tab_panel": {
          "type": "panel",
          "size": [ "100%", "100%c" ],
          "max_size": [ "100%", 25 ],
          "controls": [
            {
              "items_tab_factory": {
                "type": "factory",
                "size": [ "100%", "100%c" ],
                "control_ids": {
                  "items_tab": "@crafting.items_tab"
                }
              }
            }
          ]
        }
      },
      {
        "nature_tab_panel": {
          "type": "panel",
          "size": [ "100%", "100%c" ],
          "max_size": [ "100%", 25 ],
          "controls": [
            {
              "nature_tab_factory": {
                "type": "factory",
                "size": [ "100%", "100%c" ],
                "control_ids": {
                  "nature_tab": "@crafting.nature_tab"
                }
              }
            }
          ]
        }
      }
    ]
  },

  "inventory_container_item_mode_slot_button@crafting.inventory_container_slot_button": {
    "$button_container_item_mode|default": "",
    "button_mappings": [
      {
        "from_button_id": "button.menu_cancel",
        "to_button_id": "button.try_menu_exit",
        "mapping_type": "pressed"
      },
      {
        "from_button_id": "button.menu_select",
        "to_button_id": "$button_container_item_mode",
        "mapping_type": "pressed"
      },
      {
        "from_button_id": "button.menu_ok",
        "to_button_id": "$button_container_item_mode",
        "mapping_type": "pressed"
      },
      {
        "from_button_id": "button.menu_secondary_select",
        "to_button_id": "$button_container_item_mode",
        "mapping_type": "pressed"
      },
      {
        "from_button_id": "button.controller_select",
        "to_button_id": "$button_container_item_mode",
        "mapping_type": "pressed"
      },
      {
        "from_button_id": "button.controller_secondary_select",
        "to_button_id": "$button_container_item_mode",
        "mapping_type": "pressed"
      },
      {
        "from_button_id": "button.menu_inventory_drop",
        "to_button_id": "button.drop_one",
        "mapping_type": "pressed"
      },
      {
        "from_button_id": "button.menu_inventory_drop_all",
        "to_button_id": "button.drop_all",
        "mapping_type": "pressed"
      }
    ]
  },

  "no_coalesce_container_slot_button_auto_place_all@crafting.inventory_container_item_mode_slot_button": {
    "$button_container_item_mode": "button.container_auto_place",
    "$is_output_slot_button": false
  },

  "no_coalesce_container_slot_button_auto_place_one@crafting.inventory_container_item_mode_slot_button": {
    "$button_container_item_mode": "button.container_auto_place_one",
    "$is_output_slot_button": false
  },

  "no_coalesce_container_slot_button_drop_all@crafting.inventory_container_item_mode_slot_button": {
    "$button_container_item_mode": "button.drop_all",
    "$is_output_slot_button": false
  },

  "no_coalesce_container_slot_button_drop_one@crafting.inventory_container_item_mode_slot_button": {
    "$button_container_item_mode": "button.drop_one",
    "$is_output_slot_button": false
  },

  "player_armor_panel/armor_grid/head_grid_item": {
    "$container_item_mode_supported": true,
    "$button_ref_auto_place_all": "crafting.no_coalesce_container_slot_button_auto_place_all",
    "$button_ref_auto_place_one": "crafting.no_coalesce_container_slot_button_auto_place_one",
    "$button_ref_drop_all": "crafting.no_coalesce_container_slot_button_drop_all",
    "$button_ref_drop_one": "crafting.no_coalesce_container_slot_button_drop_one"
  },

  "player_armor_panel/armor_grid/chest_grid_item": {
    "$container_item_mode_supported": true,
    "$button_ref_auto_place_all": "crafting.no_coalesce_container_slot_button_auto_place_all",
    "$button_ref_auto_place_one": "crafting.no_coalesce_container_slot_button_auto_place_one",
    "$button_ref_drop_all": "crafting.no_coalesce_container_slot_button_drop_all",
    "$button_ref_drop_one": "crafting.no_coalesce_container_slot_button_drop_one"
  },

  "player_armor_panel/armor_grid/legs_grid_item": {
    "$container_item_mode_supported": true,
    "$button_ref_auto_place_all": "crafting.no_coalesce_container_slot_button_auto_place_all",
    "$button_ref_auto_place_one": "crafting.no_coalesce_container_slot_button_auto_place_one",
    "$button_ref_drop_all": "crafting.no_coalesce_container_slot_button_drop_all",
    "$button_ref_drop_one": "crafting.no_coalesce_container_slot_button_drop_one"
  },

  "player_armor_panel/armor_grid/feet_grid_item": {
    "$container_item_mode_supported": true,
    "$button_ref_auto_place_all": "crafting.no_coalesce_container_slot_button_auto_place_all",
    "$button_ref_auto_place_one": "crafting.no_coalesce_container_slot_button_auto_place_one",
    "$button_ref_drop_all": "crafting.no_coalesce_container_slot_button_drop_all",
    "$button_ref_drop_one": "crafting.no_coalesce_container_slot_button_drop_one"
  },

  "player_armor_panel/offhand_grid/offhand_grid_item": {
    "$container_item_mode_supported": true,
    "$button_ref_auto_place_all": "crafting.no_coalesce_container_slot_button_auto_place_all",
    "$button_ref_auto_place_one": "crafting.no_coalesce_container_slot_button_auto_place_one",
    "$button_ref_drop_all": "crafting.no_coalesce_container_slot_button_drop_all",
    "$button_ref_drop_one": "crafting.no_coalesce_container_slot_button_drop_one"
  },

  "quick_craft@common_buttons.light_content_button": {
    "size": [ "100% + 2px", "100% + 2px" ],
    "layer": 2,
    "property_bag": {
      "#collection_name": "crafting_output_items",
      "#collection_index": 0
    },
    "$button_content": "crafting.quick_craft_button_content",
    "$arrow_image|default": "crafting.crafting_arrow_image",
    "$button_tts_header": "controller.buttonTip.craftAll",
    "$pressed_button_name": "button.crafting_output_tertiary",
    "button_mappings": [
      {
        "from_button_id": "button.menu_select",
        "to_button_id": "$pressed_button_name",
        "mapping_type": "double_pressed"
      },
      {
        "from_button_id": "button.menu_ok",
        "to_button_id": "$pressed_button_name",
        "mapping_type": "focused"
      }
    ]
  },

  "quick_craft_button_content": {
    "type": "panel",
    "controls": [
      {
        "arrow_image@$arrow_image": {}
      },
      {
        "hover_text@tyel_common.hover_text_panel": {
          "visible": true,
          "$hover_text_panel": "tyel_container_calc_panels.quick_craft_hover_text_panel"
        }
      }
    ]
  },

  "crafting_arrow_image": {
    "type": "image",
    "layer": 3,
    "texture": "textures/ui/arrow",
    "size": [ 16, 13 ]
  },

  "crafting_arrow_large_image": {
    "type": "image",
    "layer": 3,
    "texture": "textures/ui/arrow_large",
    "size": [ 22, 15 ]
  },

  "crafting_arrow": {
    "$arrow_alpha|default": 0,
    "$arrow_controls|default": [
      {
        "quick_craft@crafting.quick_craft": {
          "$arrow_image": "crafting.crafting_arrow_image"
        }
      }
    ],
    "alpha": "$arrow_alpha",
    "controls": "$arrow_controls",
    "variables": [
      {
        "requires": "(not $use_quick_craft_button)",
        "$arrow_alpha": 1,
        "$arrow_controls": []
      }
    ]
  },

  "crafting_arrow_large": {
    "$arrow_alpha|default": 0,
    "$arrow_controls|default": [
      {
        "quick_craft@crafting.quick_craft": {
          "$arrow_image": "crafting.crafting_arrow_large_image"
        }
      }
    ],
    "alpha": "$arrow_alpha",
    "controls": "$arrow_controls",
    "variables": [
      {
        "requires": "(not $use_quick_craft_button)",
        "$arrow_alpha": 1,
        "$arrow_controls": []
      }
    ]
  },

  "no_coalesce_container_slot_button": {
    "$is_output_slot_button|default": false,
    "modifications": [
      {
        "array_name": "button_mappings",
        "operation": "insert_back",
        "value": [
          {
            "ignored": "$is_output_slot_button",
            "from_button_id": "button.menu_select",
            "to_button_id": "$button_auto_place",
            "mapping_type": "double_pressed"
          }
        ]
      }
    ]
  },

  "creative_no_coalesce_container_slot_button_auto_place@crafting.inventory_container_item_mode_slot_button": {
    "$button_container_item_mode": "button.recipe_tertiary"
  },

  "creative_no_coalesce_container_slot_button_take_one@crafting.inventory_container_item_mode_slot_button": {
    "$button_container_item_mode": "button.recipe_secondary"
  },

  "output_no_coalesce_container_slot_button": {
    "$is_output_slot_button": true
  },

  "tab_content/tab_content_search_bar_panel/vertical_padding_2": {
    "size": "$pad_2_size",
    "$pad_2_size|default": [ 0, 1 ],
    "variables": [
      {
        "requires": "$pocket_screen",
        "$pad_2_size": [ 0, 3 ]
      }
    ]
  },

  "tab_content/tab_content_search_bar_panel/search_and_filter_panel/text_edit_control": {
    "max_length": 50,
    "$place_holder_text": "itemGroup.search",
    "$text_edit_text_control": "recipe_search_bar_display_text"
  },

  "tab_content/tab_content_search_bar_panel/search_and_filter_panel/padding_1": {
    "bindings": [
      {
        "binding_name": "(not #is_creative_mode)",
        "binding_name_override": "#visible"
      }
    ]
  },

  "grid_item_for_recipe_book": {
    "$container_item_mode_supported": false,
    "$button_ref": "tyel_container_item_mode.creative_no_coalesce_container_slot_button_switcher",
    "$button_ref_default": "crafting.creative_no_coalesce_container_slot_button",
    "$button_ref_default_take_one": "crafting.creative_no_coalesce_container_slot_button_take_one",
    "$button_ref_auto_place": "crafting.creative_no_coalesce_container_slot_button_auto_place"
  },

  "inventory_container_slot_button_auto_place_all@crafting.inventory_container_item_mode_slot_button": {
    "$button_container_item_mode": "button.container_auto_place"
  },

  "inventory_container_slot_button_auto_place_one@crafting.inventory_container_item_mode_slot_button": {
    "$button_container_item_mode": "button.container_auto_place_one"
  },

  "inventory_container_slot_button_drop_all@crafting.inventory_container_item_mode_slot_button": {
    "$button_container_item_mode": "button.drop_all"
  },

  "inventory_container_slot_button_drop_one@crafting.inventory_container_item_mode_slot_button": {
    "$button_container_item_mode": "button.drop_one"
  },

  "player_inventory/inventory_panel_bottom_half": {
    "$container_item_mode_supported": true,
    "$button_ref_auto_place_all": "crafting.inventory_container_slot_button_auto_place_all",
    "$button_ref_auto_place_one": "crafting.inventory_container_slot_button_auto_place_one",
    "$button_ref_drop_all": "crafting.inventory_container_slot_button_drop_all",
    "$button_ref_drop_one": "crafting.inventory_container_slot_button_drop_one"
  },

  "player_inventory/hotbar_grid": {
    "$container_item_mode_supported": true,
    "$button_ref_auto_place_all": "crafting.inventory_container_slot_button_auto_place_all",
    "$button_ref_auto_place_one": "crafting.inventory_container_slot_button_auto_place_one",
    "$button_ref_drop_all": "crafting.inventory_container_slot_button_drop_all",
    "$button_ref_drop_one": "crafting.inventory_container_slot_button_drop_one"
  },

  "player_inventory": {
    "$container_item_mode_supported": true,
    "modifications": [
      {
        "array_name": "controls",
        "operation": "insert_back",
        "value": [
          {
            "container_item_mode_switch_panel@tyel_container_item_mode.container_item_mode_switch_panel": {
              "$toggle_panel": "tyel_container_item_mode.container_item_mode_switch_right_tab",
              "$panel_anchor_from": "top_right",
              "$panel_anchor_to": "top_left",
              "$panel_offset": [ -4, 0 ],
              "$hover_text_anchor": "right_middle",
              "$hover_text_offset": [ -8, 2 ]
            }
          },
          {
            "container_item_type_switch@tyel_container_item_mode.container_item_type_switch": {
            }
          }
        ]
      }
    ]
  },

  "recipe_book/tab_navigation_panel": {
    "size": [ 23, 166 ],
    "anchor_from": "top_left",
    "anchor_to": "top_right"
  },

  "recipe_book/gamepad_helper_bumpers": {
    "size": [ 16, 166 ],
    "anchor_to": "top_right"
  },

  "recipe_book": {
    "modifications": [
      {
        "array_name": "controls",
        "operation": "insert_front",
        "value": [
          {
            "recipe_book_toolbar_anchor": {
              "type": "panel",
              "size": [ 0, "100%" ],
              "anchor_from": "top_left",
              "anchor_to": "top_left",
              "controls": [
                {
                  "recipe_book_toolbar_panel": {
                    "type": "image",
                    "texture": "textures/ui/TabTopFrontLeftMost",
                    "size": [ "100%cm + 12px", 27 ],
                    "offset": [ 0, 4 ],
                    "layer": 10,
                    "anchor_from": "top_left",
                    "anchor_to": "bottom_left",
                    "controls": [
                      {
                        "recipe_book_toolbar_panel_content@tyel_container_item_mode.recipe_book_toolbar_panel_content": {}
                      }
                    ]
                  }
                }
              ]
            }
          }
        ]
      }
    ]
  },

  "toolbar_panel/toolbar_background/toolbar_stack_panel/help_button_panel": {
    "ignored": true
  },

  "toolbar_panel": {
    "$gamepad_helper_icon_description_background_visible": false
  },

  "inventory_screen_base": {
    "$is_inventory_screen": true,
    "$item_highlighter_required": true,
    "$item_highlighter_custom_source_control_name": "recipe_search_bar_display_text",
    "$screen_helpers_content": "crafting.inventory_gamepad_helpers_content"
  },

  "crafting_screen": {
    "$inv_toggle_visible": false,
    "$use_items_remain_after_craft_all_3x3_grid": true,
    "$close_on_player_hurt": false
  },

  "recipe_inventory_screen_content/content_stack_panel/survival_padding": {
    "controls": [
      {
        "equipment_durability_panel@crafting.survival_equipment_durability_panel": {
          "ignored": "(not ($top_half_variant = 'crafting.survival_panel_top_half'))"
        }
      }
    ]
  },

  "survival_equipment_durability_panel": {
    "type": "stack_panel",
    "orientation": "vertical",
    "size": [ "100%cm", "100%c" ],
    "use_child_anchors": true,
    "anchor_from": "right_middle",
    "anchor_to": "right_middle",
    "offset": [ -8, 0 ],
    "collection_name": "$item_collection_name",
    "$item_collection_name": "armor_items",
    "controls": [
      {
        "armor_items_stack": {
          "type": "stack_panel",
          "orientation": "vertical",
          "size": [ "100%cm", "100%c" ],
          "use_child_anchors": true,
          "anchor_from": "top_right",
          "anchor_to": "top_right",
          "collection_name": "$item_collection_name",
          "$item_collection_name": "armor_items",
          "controls": [
            {
              "head_grid_item@crafting.survival_equipment_durability_control": {
                "collection_index": 0
              }
            },
            {
              "chest_grid_item@crafting.survival_equipment_durability_control": {
                "collection_index": 1
              }
            },
            {
              "legs_grid_item@crafting.survival_equipment_durability_control": {
                "collection_index": 2
              }
            },
            {
              "feet_grid_item@crafting.survival_equipment_durability_control": {
                "collection_index": 3
              }
            }
          ]
        }
      },
      {
        "offhand_items_stack": {
          "type": "stack_panel",
          "orientation": "vertical",
          "size": [ "100%cm", "100%c" ],
          "use_child_anchors": true,
          "anchor_from": "top_right",
          "anchor_to": "top_right",
          "collection_name": "$item_collection_name",
          "$item_collection_name": "offhand_items",
          "controls": [
            {
              "offhand_grid_item@crafting.survival_equipment_durability_control": {
                "collection_index": 0
              }
            }
          ]
        }
      }
    ]
  },

  "survival_equipment_durability_control": {
    "type": "stack_panel",
    "orientation": "horizontal",
    "size": [ "100%c", "100%cm + 4px" ],
    "anchor_from": "top_right",
    "anchor_to": "top_right",
    "controls": [
      {
        "durability_text_panel": {
          "type": "panel",
          "size": [ "100%c", "100%sm" ],
          "bindings": [
            {
              "binding_name": "(#item_durability_total_amount > 0)",
              "binding_name_override": "#visible",
              "binding_type": "collection",
              "binding_collection_name": "$item_collection_name"
            }
          ],
          "controls": [
            {
              "durability_calc@tyel_item_durability_tool.calc": {
                "$current_durability_binding_name": "#item_durability_current_amount",
                "$current_durability_binding_type": "collection",
                "$current_durability_collection_name": "$item_collection_name",
                "$total_durability_binding_name": "#item_durability_total_amount",
                "$total_durability_binding_type": "collection",
                "$total_durability_collection_name": "$item_collection_name",
                "$cur_output_source_property": "#equipment_durability_current_amount",
                "$tot_output_source_property": "#equipment_durability_total_amount",
                "$durability_ratio_in_percent_output_bind": "#equipment_durability_ratio"
              }
            },
            {
              "durability_label": {
                "type": "label",
                "text": "#text",
                "localize": false,
                "shadow": true,
                "bindings": [
                  {
                    "binding_type": "view",
                    "source_control_name": "durability_calc",
                    "source_property_name": "('§z' + #equipment_durability_current_amount + '/' + #equipment_durability_total_amount)",
                    "target_property_name": "#text",
                    "resolve_sibling_scope": true
                  }
                ]
              }
            }
          ]
        }
      },
      {
        "padding_middle": {
          "type": "panel",
          "size": [ 4, 0 ]
        }
      },
      {
        "item_renderer@crafting.item_renderer": {
          "layer": 1,
          "bindings": [
            {
              "binding_name": "#item_id_aux",
              "binding_type": "collection",
              "binding_collection_name": "$item_collection_name"
            }
          ]
        }
      }
    ]
  },

  "recipe_inventory_screen_content/content_stack_panel/toolbar_anchor": {
    "modifications": [
      {
        "array_name": "controls",
        "operation": "insert_back",
        "value": [
          {
            "container_toolbox@tyel_container_common.inventory_container_toolbox": {
              "anchor_from": "top_left",
              "anchor_to": "top_right",
              "layer": 8,
              "offset": [ -1, "100% + 2px" ],
              "bindings": [
                {
                  "binding_type": "global",
                  "binding_name": "(not #is_creative_layout)",
                  "binding_name_override": "#visible"
                }
              ]
            }
          }
        ]
      }
    ]
  },

  "recipe_inventory_screen_content": {
    "$use_quick_craft_button|default": true,
    "modifications": [
      {
        "array_name": "controls",
        "operation": "insert_back",
        "value": [
          {
            "item_lore_viewer@tyel_item_lore_viewer.item_lore_viewer": {}
          },
          {
            "destroy_items_warning_tooltip@tyel_common.destroy_items_warning_tooltip": {}
          },
          {
            "crafting_screen_calc_panels@tyel_container_calc_panels.crafting_screen_calc_panels": {}
          }
        ]
      },
      {
        "control_name": "controller_gamepad_helpers_stack_panel",
        "operation": "remove"
      }
    ]
  },

  "inventory_gamepad_helpers_content": {
    "type": "panel",
    "size": [ "100%", "100%cm" ],
    "controls": [
      {
        "left_thumbstick_helper": {
          "type": "panel",
          "size": [ "100%c", "100%c" ],
          "anchor_from": "bottom_left",
          "anchor_to": "bottom_left",
          "bindings": [
            {
              "binding_name": "#gamepad_helper_ls_visible",
              "binding_name_override": "#visible",
              "binding_condition": "always"
            }
          ],
          "controls": [
            {
              "gamepad_helper_thumbstick_left@common.gamepad_helper_thumbstick_left": {}
            }
          ]
        }
      },
      {
        "right_helpers_panel": {
          "type": "stack_panel",
          "orientation": "horizontal",
          "size": [ "100%c", "100%cm" ],
          "anchor_from": "bottom_right",
          "anchor_to": "bottom_right",
          "controls": [
            {
              "container_gamepad_helpers@common.stacked_container_gamepad_helpers": {
                "$helper_x_control": "crafting.inventory_x_gamepad_helper",
                "$helper_y_control": "crafting.inventory_y_gamepad_helper",
                "$helper_a_control": "crafting.inventory_a_gamepad_helper",
                "$helper_b_control": "crafting.inventory_b_gamepad_helper"
              }
            },
            {
              "gamepad_helper_thumbstick_right@common.gamepad_helper_thumbstick_right": {
                "bindings": [
                  {
                    "binding_name": "#gamepad_helper_rs_visible",
                    "binding_name_override": "#visible",
                    "binding_condition": "always"
                  }
                ]
              }
            }
          ]
        }
      }
    ]
  }
}