{
  "invite_button_content": {
    "$gamepad_helper_icon_description_background_visible": false
  },

  "horizontal_invite_panel": {
    "size": [ 240, "100%" ],
    "anchor_from": "right_middle",
    "anchor_to": "right_middle"
  },

  "vertical_invite_panel": {
    "size": [ 240, "100%" ],
    "anchor_from": "right_middle",
    "anchor_to": "right_middle"
  },

  "horizontal_button_stack_panel": {
    "size": [ "100%", 30 ]
  },

  "vertical_buttons_top_panel": {
    "size": [ "100%", 30 ]
  },

  "vertical_buttons_bottom_panel": {
    "size": [ "100%", 30 ]
  },

  "invite_screen": {
    "force_render_below": true,
    "$is_full_screen_layout": true
  }
}