{
  "disabled_interact_label_formfitting": {
    "use_child_anchors": true
  },

  "section_header": {
    "size": [ "100%", "100%c - 1px" ],
    "$content_title_binding_type|default": "$store_factory_binding_type",
    "$content_title_bind_name|default": "#section_header",
    "controls": [
      {
        "header_label@tyel_oreui_design__misc.colored_category_block": {
          "anchor_from": "top_middle",
          "anchor_to": "top_middle",
          "$enable_profanity_filter": false,
          "$category_outline_color": "$dark_border_default_color",
          "$category_background_color": "$sidebar_bg_color",
          "$category_label_color": "$main_header_text_color",
          "$category_label": "$content_title_bind_name",
          "$category_label_bindings": [
            {
              "binding_name": "$content_title_bind_name",
              "binding_type": "$store_factory_binding_type",
              "binding_collection_name": "$store_factory_collection_name"
            }
          ]
        }
      }
    ]
  },

  "content_section_bg/bg_and_content/bg": {
    "$bg_size|default": [ "100%", "100%c" ]
  },

  "content_section_bg_custom_title": {
    "type": "stack_panel",
    "orientation": "vertical",
    "size": [ "100%", "100%c" ],
    "$content|default": "pdp.empty_content_panel",
    "$content_title_text|default": "",
    "$content_title_bindings|default": [],
    "controls": [
      { "pad@pdp.vertical_padding_2px": {} },
      {
        "section_header": {
          "type": "panel",
          "size": [ "100%", "100%c - 1px" ],
          "controls": [
            {
              "header_label@tyel_oreui_design__misc.colored_category_block": {
                "anchor_from": "top_middle",
                "anchor_to": "top_middle",
                "$enable_profanity_filter": false,
                "$category_outline_color": "$dark_border_default_color",
                "$category_background_color": "$sidebar_bg_color",
                "$category_label_color": "$main_header_text_color",
                "$category_label": "$content_title_text",
                "$category_label_bindings": "$content_title_bindings"
              }
            }
          ]
        }
      },
      {
        "bg_and_content": {
          "type": "panel",
          "size": [ "100%", "100%c" ],
          "controls": [
            {
              "bg": {
                "type": "image",
                "$bg_size|default": [ "100%", "100%c" ],
                "size": "$bg_size",
                "texture": "textures/ui/Banners",
                "$section_bg_alpha|default": 1.0,
                "alpha": "$section_bg_alpha",
                "controls": [
                  { "$content@$content": { "layer": 5 } }
                ]
              }
            }
          ]
        }
      }
    ]
  },

  "content_section_boarder_bg@pdp.content_section_bg_custom_title": {
    "$content_name|default": "",
    "$content_section_boarder_bg_bindings|default": [],
    "variables": [
      {
        "requires": "(not $content_name = '')",
        "$content_section_boarder_bg_bindings": [
          {
            "binding_type": "$store_factory_binding_type",
            "binding_collection_name": "$store_factory_collection_name",
            "binding_name": "$content_name",
            "binding_name_override": "#visible"
          }
        ]
      }
    ],
    "bindings": "$content_section_boarder_bg_bindings"
  },

  "summary_factory_object/update_notification_section": {
    "$content_title_text": "store.content.update"
  },

  "screenshot_carousel_factory_object": {
    "modifications": [
      {
        "control_name": "divider_3",
        "operation": "remove"
      }
    ]
  },

  "skin_pack_section_factory_object/skin_pack_section_factory_content": {
    "modifications": [
      {
        "control_name": "divider_3",
        "operation": "remove"
      }
    ]
  },

  "panorama_view_factory_object": {
    "modifications": [
      {
        "control_name": "divider_3",
        "operation": "remove"
      }
    ]
  },

  "pdp_cycle_offer_row_content": {
    "modifications": [
      {
        "control_name": "divider_3",
        "operation": "remove"
      }
    ]
  },

  "summary_content_panel": {
    "modifications": [
      {
        "control_name": "divider_3",
        "operation": "remove"
      }
    ]
  },

  "ratings_factory_object": {
    "controls": [
      {
        "rating_factory_object_content": {
          "type": "stack_panel",
          "orientation": "vertical",
          "size": [ "100%", "100%c" ],
          //"clip_state_change_event": "$store_factory_clipping_event",
          "controls": [
            { "pad@pdp.vertical_padding_2px": {} },
            { "ratings_info_panel@pdp.ratings_info_panel": {} },
            { "pad_3@pdp.vertical_padding_2px": {} }
          ]
        }
      }
    ]
  },

  "chart_section_rates_and_percent_labels": {
    "type": "stack_panel",
    "orientation": "horizontal",
    "size": [ 64, "100%" ],
    "controls": [
      {
        "rates": {
          "type": "label",
          "size": [ "default", 10 ],
          "text": "#text",
          "font_type": "smooth",
          "color": "$body_text_color",
          "bindings": [
            {
              "binding_type": "$store_factory_binding_type",
              "binding_collection_name": "$store_factory_collection_name",
              "binding_name": "$progress_bar_name",
              "binding_name_override": "#ratio"
            },
            {
              "binding_type": "view",
              "source_control_name": "rates_number",
              "source_property_name": "#rates_number",
              "target_property_name": "#rates"
            },
            {
              "binding_type": "view",
              "source_property_name": "(#rates * (1 - #ratio) * 10)",
              "target_property_name": "#num"
            },
            {
              "binding_type": "view",
              "source_property_name": "((#num > 9999999) * 10000000 + (#num > 19999999) * 10000000 + (#num > 29999999) * 10000000 + (#num > 39999999) * 10000000 + (#num > 49999999) * 10000000 + (#num > 59999999) * 10000000 + (#num > 69999999) * 10000000 + (#num > 79999999) * 10000000 + (#num > 89999999) * 10000000)",
              "target_property_name": "#x7"
            },
            {
              "binding_type": "view",
              "source_property_name": "(#x7 + (#num - #x7 > 999999) * 1000000 + (#num - #x7 > 1999999) * 1000000 + (#num - #x7 > 2999999) * 1000000 + (#num - #x7 > 3999999) * 1000000 + (#num - #x7 > 4999999) * 1000000 + (#num - #x7 > 5999999) * 1000000 + (#num - #x7 > 6999999) * 1000000 + (#num - #x7 > 7999999) * 1000000 + (#num - #x7 > 8999999) * 1000000)",
              "target_property_name": "#x6"
            },
            {
              "binding_type": "view",
              "source_property_name": "(#x6 + (#num - #x6 > 99999) * 100000 + (#num - #x6 > 199999) * 100000 + (#num - #x6 > 299999) * 100000 + (#num - #x6 > 399999) * 100000 + (#num - #x6 > 499999) * 100000 + (#num - #x6 > 599999) * 100000 + (#num - #x6 > 699999) * 100000 + (#num - #x6 > 799999) * 100000 + (#num - #x6 > 899999) * 100000)",
              "target_property_name": "#x5"
            },
            {
              "binding_type": "view",
              "source_property_name": "(#x5 + (#num - #x5 > 9999) * 10000 + (#num - #x5 > 19999) * 10000 + (#num - #x5 > 29999) * 10000 + (#num - #x5 > 39999) * 10000 + (#num - #x5 > 49999) * 10000 + (#num - #x5 > 59999) * 10000 + (#num - #x5 > 69999) * 10000 + (#num - #x5 > 79999) * 10000 + (#num - #x5 > 89999) * 10000)",
              "target_property_name": "#x4"
            },
            {
              "binding_type": "view",
              "source_property_name": "(#x4 + (#num - #x4 > 999) * 1000 + (#num - #x4 > 1999) * 1000 + (#num - #x4 > 2999) * 1000 + (#num - #x4 > 3999) * 1000 + (#num - #x4 > 4999) * 1000 + (#num - #x4 > 5999) * 1000 + (#num - #x4 > 6999) * 1000 + (#num - #x4 > 7999) * 1000 + (#num - #x4 > 8999) * 1000)",
              "target_property_name": "#x3"
            },
            {
              "binding_type": "view",
              "source_property_name": "(#x3 + (#num - #x3 > 99) * 100 + (#num - #x3 > 199) * 100 + (#num - #x3 > 299) * 100 + (#num - #x3 > 399) * 100 + (#num - #x3 > 499) * 100 + (#num - #x3 > 599) * 100 + (#num - #x3 > 699) * 100 + (#num - #x3 > 799) * 100 + (#num - #x3 > 899) * 100)",
              "target_property_name": "#x2"
            },
            {
              "binding_type": "view",
              "source_property_name": "(#x2 + (#num - #x2 > 9) * 10 + (#num - #x2 > 19) * 10 + (#num - #x2 > 29) * 10 + (#num - #x2 > 39) * 10 + (#num - #x2 > 49) * 10 + (#num - #x2 > 59) * 10 + (#num - #x2 > 69) * 10 + (#num - #x2 > 79) * 10 + (#num - #x2 > 89) * 10)",
              "target_property_name": "#x1"
            },
            {
              "binding_type": "view",
              "source_property_name": "(#x1 + (#num - #x1 > 0) + (#num - #x1 > 1) + (#num - #x1 > 2) + (#num - #x1 > 3) + (#num - #x1 > 4) + (#num - #x1 > 5) + (#num - #x1 > 6) + (#num - #x1 > 7) + (#num - #x1 > 8))",
              "target_property_name": "#u_num"
            },
            {
              "binding_type": "view",
              "source_property_name": "('§z' + (#u_num / 10) + ' ')",
              "target_property_name": "#text"
            },
            {
              "binding_name": "#rating_status_valid",
              "binding_name_override": "#visible"
            }
          ]
        }
      },
      {
        "percent@tyel_percentage.progress_percentage_label_template": {
          "$percentage_font_type": "smooth",
          "$percentage_text_shadow": false,
          "$percentage_text_color": "$body_text_color",
          "$reverse_output_value": true,
          "$progress_binding_type": "$store_factory_binding_type",
          "$progress_binding_name": "$progress_bar_name",
          "$progress_collection_name": "$store_factory_collection_name",
          "$custom_progress_label_format": "('(' + #percentage_label + ')')"
        }
      }
    ]
  },

  "chart_section/stack": {
    "modifications": [
      {
        "control_name": "percent",
        "operation": "replace",
        "value": [
          {
            "percent@pdp.chart_section_rates_and_percent_labels": {}
          }
        ]
      }
    ]
  },

  "ratings_chart": {
    "modifications": [
      {
        "array_name": "controls",
        "operation": "insert_back",
        "value": [
          {
            "rates_number": {
              "type": "panel",
              "size": [ 0, 0 ],
              "bindings": [
                {
                  "binding_name": "#rating_button_text"
                },
                {
                  "binding_type": "view",
                  "source_property_name": "('z' + #rating_button_text)",
                  "target_property_name": "#r"
                },
                {
                  "binding_type": "view",
                  "source_property_name": "('z' + #r - ('%.5s' * #r) - 'z(' - ')')",
                  "target_property_name": "#rates_number"
                }
              ]
            }
          }
        ]
      }
    ]
  },

  "ratings_chart_panel/ratings_chart_content": {
    "modifications": [
      {
        "control_name": "title",
        "operation": "remove"
      },
      {
        "control_name": "pad_0",
        "operation": "remove"
      }
    ]
  },

  "ratings_box": {
    "modifications": [
      {
        "control_name": "divider",
        "operation": "remove"
      }
    ]
  },

  "ratings_interact_panel": {
    "modifications": [
      {
        "control_name": "title_text",
        "operation": "remove"
      }
    ]
  },

  "ratings_interact_panel/pad_1": {
    "size": [ "100%", 5 ]
  },

  "ratings_info_panel": {
    "size": [ "100%", "100%cm + 16px" ],
    "controls": [
      {
        "ratings@pdp.content_section_bg_custom_title": {
          "size": [ "34% + 40px", "100%cm" ],
          "anchor_from": "top_left",
          "anchor_to": "top_left",
          "$content": "pdp.ratings_box",
          "$content_title_text": "store.mashup.title.ratings"
        }
      },
      {
        "ratings_right@pdp.content_section_bg_custom_title": {
          "size": [ "66% - 44px", "100%cm" ],
          "anchor_from": "top_right",
          "anchor_to": "top_right",
          "$content": "pdp.ratings_interact_panel",
          "$content_title_text": "store.ratings.yourRating",
          "bindings": [
            {
              "binding_type": "$store_factory_binding_type",
              "binding_collection_name": "$store_factory_collection_name",
              "binding_name": "#ratings_interact_panel_visible",
              "binding_name_override": "#visible"
            }
          ]
        }
      }
    ]
  },

  "csb_expiration": {
    "modifications": [
      {
        "control_name": "background",
        "operation": "replace",
        "value": [
          {
            "background": {
              "type": "image",
              "size": [ "100%", "100%" ],
              "anchor_from": "bottom_middle",
              "anchor_to": "bottom_middle",
              "texture": "textures/ui/csbBannerBackground",
              "tiled": "y",
              "layer": 3
            }
          }
        ]
      }
    ]
  },

  "summary_text_panel": {
    "modifications": [
      {
        "array_name": "controls",
        "operation": "insert_back",
        "value": [
          {
            "original_purchase_price_label@pdp.original_purchase_price_label": {}
          }
        ]
      }
    ]
  },

  "description_label": {
    "font_scale_factor": 0.95
  },

  "description_toggle_show_button_panel": {
    "modifications": [
      {
        "control_name": "description_bottom_right_button_border",
        "operation": "remove"
      }
    ]
  },

  "description_inner_panel/description_stack_panel/description_text_panel_collapsed/description_text_collapsed": {
    "size": [ "fill", 20 ]
  },

  "description_inner_panel/description_stack_panel": {
    "modifications": [
      {
        "control_name": "title_stack_panel",
        "operation": "remove"
      }
    ]
  },

  "description_section": {
    "$content_title_text": "store.itemDetail.back"
  },

  "changelog_section": {
    "$content_title_text": "#description_title",
    "$content_title_bindings": [
      {
        "binding_name": "#description_title"
      },
      {
        "binding_type": "$store_factory_collection_details",
        "binding_collection_name": "$store_factory_collection_name",
        "binding_collection_prefix": "$store_factory_collection_prefix"
      }
    ]
  },

  "original_purchase_price_label": {
    "type": "stack_panel",
    "orientation": "horizontal",
    "size": [ "100%", "100%cm" ],
    "anchor_from": "bottom_left",
    "anchor_to": "bottom_left",
    "bindings": [
      {
        "binding_name": "#action_button_visible"
      },
      {
        "binding_name": "#exit_world_button_visible"
      },
      {
        "binding_type": "view",
        "source_property_name": "(#action_button_visible or #exit_world_button_visible)",
        "target_property_name": "#visible"
      }
    ],
    "controls": [
      {
        "padding_left@common.empty_panel": {
          "size": [ 2, 0 ]
        }
      },
      {
        "price_text": {
          "type": "label",
          "text": "store.cost",
          "color": "$7_color_format"
        }
      },
      {
        "padding": {
          "type": "panel",
          "size": [ 4, 4 ]
        }
      },
      {
        "coin_purchase_label_text@pdp.coin_purchase_label_text": {
          "color": "$7_color_format"
        }
      },
      {
        "right_coin_image_offset_panel": {
          "type": "panel",
          "size": [ "100%c", "100%c" ],
          "controls": [
            {
              "coin@pdp.coin_image": {
                "offset": [ -3, 0 ]
              }
            }
          ]
        }
      }
    ]
  },

  // TODO: Rework this "smooth_purchase_buttons_panel" to support 1.21.30 or higher
  // #region to_update
  "smooth_purchase_buttons_panel": {
    "controls": [
      {
        "purchase_coins_button_panel": {
          "type": "panel",
          "size": [ "100%", "100%c" ],
          "controls": [
            {
              "smooth_purchase_with_coins_button@pdp.purchase_button_base": {
                "$button_focus_precedence": 8,
                "$button_action": "button.purchase_with_coins",
                "$interact_button_id|default": "button.purchase_with_coins",
                "$button_content": "pdp.smooth_coin_purchase_label_formfitting",
                "bindings": [
                  {
                    "binding_name": "#purchase_panel_enabled",
                    "binding_name_override": "#enabled"
                  },
                  {
                    "binding_name": "#purchase_with_coins_button_text"
                  },
                  {
                    "binding_type": "view",
                    "source_property_name": "(#purchase_with_coins_button_text = 'store.free')",
                    "target_property_name": "#visible"
                  }
                ]
              }
            },
            {
              "confirm_purchase_with_coins_button": {
                "type": "panel",
                "size": [ "100%", "100%c" ],
                "bindings": [
                  {
                    "binding_name": "#purchase_with_coins_button_text"
                  },
                  {
                    "binding_type": "view",
                    "source_property_name": "(not (#purchase_with_coins_button_text = 'store.free'))",
                    "target_property_name": "#visible"
                  }
                ],
                "controls": [
                  {
                    "confirm_purchase_with_coins_button@tyel_confirm_purchase_dialog.open_confirm_purchase_dialog": {
                      "$toggle_group_forced_index": 1
                    }
                  }
                ]
              }
            }
          ]
        }
      },
      {
        "pad_h1": {
          "type": "panel",
          "size": [ "100%", 3 ],
          "bindings": [
            {
              "binding_name": "#currency_purchase_visible",
              "binding_name_override": "#visible"
            }
          ]
        }
      },
      {
        "purchase_currency_button_panel": {
          "type": "panel",
          "size": [ "100%", "100%c" ],
          "bindings": [
            {
              "binding_name": "#currency_purchase_visible",
              "binding_name_override": "#visible"
            }
          ],
          "controls": [
            {
              "confirm_purchase_with_currency_button@tyel_confirm_purchase_dialog.open_confirm_purchase_dialog": {
                "$toggle_group_forced_index": 2,
                "$button_content": "pdp.currency_purchase_label",
                "$text_size": [ "100%", "100%" ]
              }
            }
          ]
        }
      }
    ]
  },
  // #endregion

  "smooth_save_share_button_panel/save_button": {
    "$focus_override_right": "confirm_purchase_info_button"
  },

  "smooth_save_share_button_panel": {
    "modifications": [
      {
        "array_name": "controls",
        "operation": "insert_back",
        "value": [
          {
            "pad_2": {
              "type": "panel",
              "size": [ 2, "100%" ],
              "bindings": [
                {
                  "binding_name": "#wishlist_button_visible",
                  "binding_name_override": "#visible"
                }
              ]
            }
          },
          {
            "confirm_purchase_info_button@common_buttons.light_content_button": {
              "size": [ 24, "100%" ],
              "$button_focus_precedence": 9,
              "$pressed_button_name": "button.confirm_purchase_info_tooltip",
              "$button_content": "pdp.confirm_purchase_info_content",
              "$focus_id": "confirm_purchase_info_button",
              "$focus_override_up": "interact_button",
              "$focus_override_down": "read_more_button",
              "$focus_override_left": "save_button",
              "$focus_override_right": "FOCUS_OVERRIDE_STOP",
              "bindings": [
                {
                  "binding_name": "#purchase_panel_visible"
                },
                {
                  "binding_name": "#purchase_with_coins_button_text"
                },
                {
                  "binding_type": "view",
                  "source_property_name": "(#purchase_panel_visible and not (#purchase_with_coins_button_text = 'store.free'))",
                  "target_property_name": "#visible"
                }
              ]
            }
          }
        ]
      }
    ]
  },

  "smooth_coin_purchase_label_formfitting/sales_banner_offset_panel/sales_banner_panel/markdown_banner": {
    "$banner_size": [ "24px", "100%" ]
  },

  "smooth_coin_purchase_label_formfitting/fill_pad_left": {
    "bindings": []
  },

  "smooth_coin_purchase_label_formfitting/fill_pad_right": {
    "bindings": []
  },

  "large_button_coin_purchase_label/sales_padding_1": {
    "$sales_padding_size|default": [ "50%y + 3px", "100%" ],
    "size": "$sales_padding_size",
    "bindings": []
  },

  "confirm_purchase_info_content": {
    "type": "panel",
    "controls": [
      {
        "minecoin_image": {
          "type": "image",
          "texture": "textures/ui/MCoin",
          "size": [ 11, 11 ],
          "offset": [ -1, -1 ],
          "layer": 1
        }
      },
      {
        "infobulb_image": {
          "type": "image",
          "texture": "textures/ui/infobulb_darkborder_small",
          "size": [ 7, 9 ],
          "offset": [ 2, 1 ],
          "layer": 2
        }
      },
      {
        "tooltip@pdp.confirm_purchase_info_tooltip": {
          "ignored": "(not ($hover_state or $pressed_state))"
        }
      }
    ]
  },

  "confirm_purchase_info_tooltip": {
    "type": "panel",
    "size": [ "300px", "100%cm + 16px" ],
    "anchor_from": "top_right",
    "anchor_to": "top_right",
    "layer": 400,
    "$tooltip_offset|default": [ 8, 32 ],
    "variables": [
      {
        "requires": "$pressed_state",
        "$tooltip_offset": [ 8, 31 ]
      }
    ],
    "controls": [
      {
        "navigator_tip@common.static_tooltip_popup_with_image_and_text": {
          "allow_clipping": false,
          "$tooltip_panel_size": [ "100%", "100%cm + 8px" ],
          "anchor_from": "top_right",
          "anchor_to": "top_right",
          "$tooltip_panel_offset": "$tooltip_offset",
          "$tooltip_popup_image": "textures/ui/infobulb",
          "$tooltip_button_binding_type": "none",
          "$tooltip_button_collection_name": "",
          "$tooltip_text_binding_name": "store.confirmPurchase.tooltip",
          "$tooltip_chevron_anchor": "top_right",
          "$tooltip_popup_chevron_texture": "textures/ui/tooltip_inverted_chevron",
          "$tooltip_popup_chevron_offset": [ -8, "-10px" ]
        }
      }
    ]
  }
}