{
  "open_confirm_purchase_dialog__coin_purchase_button@tyel_confirm_purchase_dialog.open_confirm_purchase_dialog": {
    "$toggle_group_forced_index": 1,
    "size": [ "100%", "100%" ],
    "$button_content": "pdp.large_button_coin_purchase_label",
    "$ignore_markdown_filler_panel": "#is_on_sale",
    "$is_on_sale": false,
    "$coin_image_on_right": false,
    "$is_purchase_button": true,
    "$markdown_size": [ "100% + 2px", "100% + 4px" ],
    "$strike_thru_offset": [ 0, 2 ],
    "$markdown_offset": [ -1, 0 ],
    "$focus_id": "offer_coin_purchase_button"
  },

  "open_confirm_purchase_dialog__real_money_purchase_button@tyel_confirm_purchase_dialog.open_confirm_purchase_dialog": {
    "$toggle_group_forced_index": 2,
    "size": [ "100%", "100%" ],
    "$button_content": "persona.confirm_purchase_currency_purchase_label",
    "$focus_id": "offer_real_money_purchase_button"
  },

  "confirm_purchase_currency_purchase_label": {
    "type": "label",
    "size": [ "default", "default" ],
    "max_size": [ "100%", 10 ],
    "text_alignment": "center",
    "color": "$text_color",
    "text": "#purchase_with_currency_button_text",
    "bindings": [
      {
        "binding_name": "#purchase_with_currency_button_text",
        "binding_type": "global"
      }
    ]
  },

  "coin_purchase_panel": {
    "$purchase_button_control": "persona.open_confirm_purchase_dialog__coin_purchase_button"
  },

  "real_money_purchase": {
    "$purchase_button_control": "persona.open_confirm_purchase_dialog__real_money_purchase_button"
  },

  "select_custom_skin_stack": {
    "modifications": [
      {
        "array_name": "controls",
        "operation": "insert_back",
        "value": [
          { "normal_arm_size@persona.normal_arm_size": {} },
          { "narrow_arm_size@persona.narrow_arm_size": {} }
        ]
      }
    ]
  },

  "arm_size_icon_template": {
    "type": "image",
    "size": [ 16, 16 ]
  },

  "normal_arm_size_icon@persona.arm_size_icon_template": {
    "texture": "textures/ui/icon_steve"
  },

  "narrow_arm_size_icon@persona.arm_size_icon_template": {
    "texture": "textures/ui/icon_alex"
  },

  "normal_arm_size@common_buttons.light_content_button": {
    "size": [ 20, 20 ],
    "anchor_from": "bottom_right",
    "anchor_to": "bottom_right",
    "offset": [ -22, 0 ],
    "$button_content": "persona.normal_arm_size_icon",
    "$pressed_button_name": "button.choose_fat",
    "$button_tts_header": "dr.arm_size.wide"
  },

  "narrow_arm_size@common_buttons.light_content_button": {
    "size": [ 20, 20 ],
    "anchor_from": "bottom_right",
    "anchor_to": "bottom_right",
    "offset": [ -44, 0 ],
    "$button_content": "persona.narrow_arm_size_icon",
    "$pressed_button_name": "button.choose_skinny",
    "$button_tts_header": "dr.arm_size.slim"
  },

  "skin_viewer_panel": {
    "modifications": [
      {
        "control_name": "popup_dialog_factory",
        "operation": "remove"
      }
    ]
  },

  "right_panel_classic_skins_title/title_panel": {
    "size": [ "fill", "100%c + 4px" ]
  },

  "right_panel_classic_skins_title/author_panel": {
    "size": [ "100%c", "100%c + 4px" ]
  },

  "right_panel_classic_skins_title/author_panel/author": {
    "size": [ "default", 10 ]
  },

  "persona_piece_offer": {
    "$ignore_persona_piece_offer_highlight|default": true
  },

  "persona_piece_offer/piece_offer_center_on_y_axis/piece_offer_center_on_x_axis": {
    "modifications": [
      {
        "array_name": "controls",
        "operation": "insert_back",
        "value": [
          {
            "piece_offer_highlight": {
              "ignored": "$ignore_persona_piece_offer_highlight",
              "type": "image",
              "texture": "textures/ui/White",
              "size": [ "100% - 2px", "100% - 2px" ],
              "color": [ 0.0, 0.0, 0.0 ],
              "alpha": 0.8,
              "layer": 30,
              "bindings": [
                {
                  "binding_type": "$piece_section_collection_details",
                  "binding_collection_name": "$piece_section_collection_name",
                  "binding_collection_prefix": "$piece_section_collection_prefix"
                },
                {
                  "binding_type": "$persona_piece_collection_details",
                  "binding_collection_name": "$persona_piece_collection_name",
                  "binding_collection_prefix": "$persona_piece_prefix"
                },
                {
                  "binding_type": "collection",
                  "binding_collection_name": "$persona_piece_collection_name",
                  "binding_name": "#rarity_bar_texture"
                },
                {
                  "binding_type": "view",
                  "source_property_name": "(#rarity_bar_texture - 'textures/ui/' - 'rarity_' - '_short')",
                  "target_property_name": "#piece_rarity"
                },
                {
                  "binding_type": "collection",
                  "binding_collection_name": "$persona_piece_collection_name",
                  "binding_name": "#is_redeemable"
                },
                {
                  "binding_type": "collection",
                  "binding_collection_name": "$persona_piece_collection_name",
                  "binding_name": "#is_offer_achievement"
                },
                {
                  "binding_type": "collection",
                  "binding_collection_name": "$persona_piece_collection_name",
                  "binding_name": "#is_offer_purchasable_and_not_free"
                },
                {
                  "binding_type": "collection",
                  "binding_collection_name": "$persona_piece_collection_name",
                  "binding_name": "#is_piece_visible"
                },
                {
                  "binding_type": "collection",
                  "binding_collection_name": "$persona_piece_collection_name",
                  "binding_name": "#is_offer_new"
                },
                {
                  "binding_type": "view",
                  "source_control_name": "minecoin_price_filter_output",
                  "source_property_name": "#output_value",
                  "target_property_name": "#output_price"
                },
                {
                  "binding_type": "view",
                  "source_control_name": "rarity_filter_output",
                  "source_property_name": "#output_value",
                  "target_property_name": "#output_rarity"
                },
                {
                  "binding_type": "view",
                  "source_control_name": "new_offer_filter",
                  "source_property_name": "#toggle_state",
                  "target_property_name": "#new_offer_visible"
                },
                {
                  "binding_type": "view",
                  "source_property_name": "(#output_price = 0 or (#output_price = 1 and #is_redeemable) or (#output_price = 2 and #is_offer_achievement) or (#output_price = 3 and #is_offer_purchasable_and_not_free))",
                  "target_property_name": "#minecoin_price_visible_condition"
                },
                {
                  "binding_type": "view",
                  "source_property_name": "(#output_rarity = 0 or (#output_rarity = 1 and #piece_rarity = 'common') or (#output_rarity = 2 and #piece_rarity = 'uncommon') or (#output_rarity = 3 and #piece_rarity = 'rare') or (#output_rarity = 4 and #piece_rarity = 'epic') or (#output_rarity = 5 and #piece_rarity = 'legendary'))",
                  "target_property_name": "#rarity_visible_condition"
                },
                {
                  "binding_type": "view",
                  "source_property_name": "((#is_offer_new and #new_offer_visible) or not #new_offer_visible)",
                  "target_property_name": "#new_offer_visible_condition"
                },
                {
                  "binding_type": "view",
                  "source_property_name": "(not #new_offer_visible and #output_price = 0 and #output_rarity = 0)",
                  "target_property_name": "#default_visible_state"
                },
                {
                  "binding_type": "view",
                  "source_property_name": "(#default_visible_state or (not #default_visible_state and #minecoin_price_visible_condition and #rarity_visible_condition and #new_offer_visible_condition))",
                  "target_property_name": "#highlight_visible_condition"
                },
                {
                  "binding_type": "view",
                  "source_property_name": "(#is_piece_visible and not #highlight_visible_condition)",
                  "target_property_name": "#visible"
                }
              ]
            }
          }
        ]
      }
    ]
  },

  "piece_section": {
    "$ignore_persona_piece_offer_highlight": false,
    "$ignore_section_title_count_label": false
  },

  "owned_piece_section": {
    "$ignore_highlight_on_owned_items": true,
    "$ignore_section_title_count_label": false
  },

  "persona_category_grid_panel/section_wrapper": {
    "bindings": [
      {
        "binding_type": "view",
        "source_control_name": "persona_category_featured_section_visibility_toggle",
        "source_property_name": "#toggle_state",
        "target_property_name": "#visible"
      }
    ]
  },

  "persona_category_grid_panel": {
    "modifications": [
      {
        "array_name": "controls",
        "operation": "insert_front",
        "value": [
          {
            "section_with_toggle": {
              "type": "panel",
              "size": [ "100%", 0 ],
              "controls": [
                {
                  "persona_category_featured_section_visibility_toggle@persona.feature_set_visibility_toggle": {
                    "$toggle_name": "persona_category_featured_section_visibility_toggle",
                    "size": [ "100%", 14 ],
                    "anchor_from": "top_middle",
                    "anchor_to": "top_middle"
                  }
                }
              ]
            }
          },
          {
            "title_only_section_wrapper": {
              "type": "input_panel",
              "size": [ "100%", "100%c" ],
              "bindings": [
                {
                  "binding_type": "view",
                  "source_control_name": "persona_category_featured_section_visibility_toggle",
                  "source_property_name": "(not #toggle_state)",
                  "target_property_name": "#visible"
                }
              ],
              "controls": [
                {
                  "stack_panel@common.vertical_stack_panel": {
                    "size": [ "100% - 2px", "100%c + 4px" ],
                    "controls": [
                      {
                        "featured_section_factory_title@persona.title_rarity_positionable_title": {
                          "size": [ "100%", 10 ],
                          "$title_binding_type": "none",
                          "$title_binding": "dr.header.featured"
                        } 
                      },
                      { "divider2@persona.common_horizontal_divider": {} }
                    ]
                  }
                }
              ]
            }
          }
        ]
      }
    ]
  },

  "persona_piece_offer_grid": {
    "$ignore_featured_piece_offer_grid_visible_bind|default": true,
    "modifications": [
      {
        "array_name": "bindings",
        "operation": "insert_back",
        "value": [
          {
            "ignored": "($ignore_featured_piece_offer_grid_visible_bind)",
            "binding_type": "view",
            "source_control_name": "featured_piece_section_toggle",
            "source_property_name": "#toggle_state",
            "target_property_name": "#visible"
          }
        ]
      }
    ]
  },

  "piece_section_title_panel/title": {
    "size": [ "100% - 40px", 10 ],
    "anchor_from": "bottom_left",
    "anchor_to": "bottom_left",
    "offset": [ 3, -2 ]
  },

  "piece_section_title_panel": {
    "size": [ "100%", 14 ],
    "$ignore_featured_piece_offer_grid_visible_bind|default": true,
    "$ignore_section_title_count_label|default": true,
    "modifications": [
      {
        "array_name": "controls",
        "operation": "insert_back",
        "value": [
          {
            "featured_piece_section_toggle@persona.feature_set_visibility_toggle": {
              "ignored": "$ignore_featured_piece_offer_grid_visible_bind",
              "$toggle_name": "featured_piece_section_toggle",
              "size": [ "100%", 14 ],
              "anchor_from": "top_middle",
              "anchor_to": "top_middle"
            }
          },
          {
            "count": {
              "ignored": "$ignore_section_title_count_label",
              "type": "label",
              "size": [ "default", 10 ],
              "offset": [ -3, 0 ],
              "layer": 1,
              "anchor_from": "right_middle",
              "anchor_to": "right_middle",
              "font_type": "MinecraftTen",

              "$piece_grid_dimension_binding|default": "#piece_offer_count",

              "$piece_section_binding_type|default": "global",
              "$piece_section_collection_name|default": "",
              "$piece_section_collection_prefix|default": "",

              "text": "#text",
              "bindings": [
                {
                  "binding_type": "$piece_section_collection_details",
                  "binding_collection_name": "$piece_section_collection_name",
                  "binding_collection_prefix": "$piece_section_collection_prefix"
                },
                {
                  "binding_type": "$piece_section_binding_type",
                  "binding_collection_name": "$piece_section_collection_name",
                  "binding_name": "$piece_grid_dimension_binding",
                  "binding_name_override": "#count_number"
                },
                {
                  "binding_type": "view",
                  "source_property_name": "('§z' + #count_number)",
                  "target_property_name": "#text"
                }
              ]
            }
          }
        ]
      }
    ]
  },

  "persona_section_factory_panel": {
    "$piece_section_control_ids": {
      "featured_piece_section": "persona.persona_featured_piece_section",
      "owned_piece_section": "persona.owned_piece_section",
      "piece_section": "persona.piece_section",
      "unknown_section": "persona.empty_section"
    }
  },

  "persona_featured_piece_section@persona.piece_section": {
    "$ignore_featured_piece_offer_grid_visible_bind": false,
    "$ignore_section_title_count_label": true
  },

  "classic_skin_features_header": {
    "offset": [ 2, 0 ]
  },

  "classic_skin_features_header_wrapper": {
    "size": [ "100%", 14 ],
    "modifications": [
      {
        "array_name": "controls",
        "operation": "insert_back",
        "value": [
          {
            "classic_skin_features_visibility_toggle@persona.feature_set_visibility_toggle": {
              "$toggle_name": "classic_skin_features_visibility_toggle",
              "size": [ "100%", "100%" ]
            }
          }
        ]
      }
    ]
  },

  "grouped_classic_skin_featured_content": {
    "bindings": [
      {
        "binding_type": "view",
        "source_control_name": "classic_skin_features_visibility_toggle",
        "source_property_name": "#toggle_state",
        "target_property_name": "#visible"
      }
    ]
  },

  "get_more_skins_button": {
    "size": [ "100%", 20 ]
  },

  "see_more_skins_button": {
    "size": [ "100%", 16 ]
  },

  "persona_left_panel/persona_offer_panel_content": {
    "disable_anim_fast_forward": true,
    "animation_reset_name": "screen_animation_reset",
    "anims": "$fade_to_left_animations"
  },

  "persona_right_panel": {
    "type": "panel",
    "size": [ "fill", "100%" ],
    "controls": [
      {
        "persona_preview_panel_content@common.vertical_stack_panel": {
          "size": [ "100%", "100%" ],
          "layer": 2,
          "disable_anim_fast_forward": true,
          "animation_reset_name": "screen_animation_reset",
          "anims": "$fade_to_right_animations",
          "controls": [
            { "persona_right_panels@persona.right_side_stack": { "size": [ "100%", "100%" ] } }
          ]
        }
      }
    ]
  },

  "persona_screen_main_panel_content/stack_panel": {
    "modifications": [
      {
        "control_name": "right_main_panel",
        "operation": "replace",
        "value": [
          {
            "right_main_panel@persona.persona_right_panel": {}
          }
        ]
      }
    ]
  },

  "persona_screen": {
    "$store_header_icon": "",
    "$screen_helpers_content": "persona.persona_screen_helpers_content",
    "$screen_helpers_content_layer": 600,
    "$icon_control": "persona.persona_header_icons_control",
    "$right_button_panel": "persona.header_right_buttons_panel",
    "$use_custom_panorama": "$is_pregame",
    "$screen_bg_content": "common.empty_panel",
    "$is_full_screen_layout": true,
    "$fade_to_left_animations|default": [
      "@tyel_anims.fade_left_entrance_animation_push_offset",
      "@tyel_anims.fade_left_entrance_animation_pop_offset",
      "@tyel_anims.fade_left_exit_animation_push_offset",
      "@tyel_anims.fade_left_exit_animation_pop_offset"
    ],
    "$fade_to_right_animations|default": [
      "@tyel_anims.fade_right_entrance_animation_push_offset",
      "@tyel_anims.fade_right_entrance_animation_pop_offset",
      "@tyel_anims.fade_right_exit_animation_push_offset",
      "@tyel_anims.fade_right_exit_animation_pop_offset"
    ],
    "$fade_to_left_anim_end_point": [ "-100%", 0 ],
    "$fade_to_right_anim_end_point": [ "100%", 0 ]
  },

  "header_right_buttons_panel": {
    "type": "stack_panel",
    "orientation": "horizontal",
    "size": [ "100%c", "100%cm" ],
    "anchor_from": "right_middle",
    "anchor_to": "right_middle",
    "offset": [ 0, -1 ],
    "controls": [
      {
        "highlight_filter_toggle_panel@persona.highlight_filter_toggle_panel": {}
      },
      {
        "padding_middle@common.empty_panel": {
          "size": [ 2, 0 ],
          "ignored": "($is_publish and not $debug_mode)"
        }
      },
      {
        "debug_confirm_purchase_panel@tyel_confirm_purchase_dialog.debug_confirm_purchase_panel": {
          "offset": [ 0, 0 ]
        }
      }
    ]
  },

  "highlight_filter_toggle_panel": {
    "type": "panel",
    "size": [ 28, 17 ],
    "bindings": [
      {
        "binding_name": "#is_category_section_visible"
      },
      {
        "binding_name": "#is_piece_list_section_visible"
      },
      {
        "binding_type": "view",
        "source_property_name": "(#is_category_section_visible or #is_piece_list_section_visible)",
        "target_property_name": "#visible"
      }
    ],
    "controls": [
      {
        "open_highlight_filter_menu@common_toggles.light_content_toggle_visibility": {
          "size": [ "100%", "100%" ],
          "$toggle_name": "persona_pieces_filter_menu_toggle",
          "$radio_toggle_group": true,
          "$toggle_group_forced_index": 1,
          "$button_content": "persona.highlight_filter_button_content",
          "reset_on_focus_lost": true,

          "$toggle_tts_name": "accessibility.button.tts.title",
          "$toggle_tts_toggle_on_text": "",
          "$toggle_tts_toggle_off_text": ""
        }
      }
    ]
  },

  "highlight_filter_button_content": {
    "type": "stack_panel",
    "orientation": "horizontal",
    "size": [ "100%c", "100%cm" ],
    "use_child_anchors": true,
    "controls": [
      {
        "highlight_filter_button_icon": {
          "type": "image",
          "texture": "textures/ui/filter_glyph_small",
          "size": [ 8, 8 ],
          "color": "$text_color"
        }
      },
      {
        "padding_middle@common.empty_panel": {
          "size": [ 2, 0 ]
        }
      },
      {
        "number_label": {
          "type": "label",
          "text": "#text",
          "color": "$text_color",
          "bindings": [
            {
              "binding_type": "view",
              "source_control_name": "filter_count_label",
              "source_property_name": "#text",
              "target_property_name": "#text"
            }
          ]
        }
      }
    ]
  },

  "popup_title": {
    "size": [ "default", "default" ],
    "font_type": "default",
    "max_size": [ 300, 20 ]
  },

  //"popup_title_label": {
  //  "type": "label",
  //  "size": [ "100% - 16px", "default" ],
  //  "max_size": [ "100% - 16px", 20 ],
  //  "layer": 2,
  //  "text_alignment": "center",
  //  "text": "$persona_popup_title_text",
  //  "color": "$light_button_default_text_color",
  //  "$persona_popup_title_text|default": "dr.classic_skins.select_skin.title",

  //  "$persona_popup_title_bindings|default": [],
  //  "bindings": "$persona_popup_title_bindings"
  //},

  //"popup_dialog_bg@tyel_oreui_design__dialogs.oreui_dialog_hollowed_panel": {
  //  "$title_label_panel": "persona.popup_title_label",
  //  "$dialog_body_content": "$dialog_content",
  //  "$dialog_footer_content": ""
  //},

  "popup": {
    "modifications": [
      {
        "control_name": "background",
        "operation": "replace",
        "value": [
          {
            "background@tyel_oreui_design__misc.snackbar_background": {
              "size": [ "100%c + 10px", "100%c + 10px" ],
              "anims": "$alpha_anims",
              "offset": [ 2, 0 ],
              "controls": [
                {
                  "text_stack_panel@persona.popup_title": {
                    "offset": [ -1, 0 ]
                  }
                }
              ]
            }
          }
        ]
      }
    ]
  },

  "popup_toast": {
    "layer": 1000,
    "$toast_control": "toast_message",
    "$display_time": 3.0,
    "$transition_in_time": 0.5,
    "$transition_out_time": 0.3,
    "$popup_size": [ 300, "100%cm" ],
    "$toast_anchor_from": "top_middle",
    "$toast_anchor_to": "top_middle",
    "$toast_offset": "@toast_screen.formfit_toast_offset_anim_start",
    "$alpha_anims": []
  },

  "modal_window_input_blocker": {
    "size": [ "150%", "150%" ]
  },

  "switch_persona_and_classic_title": {
    "layer": 10,
    "color": "$main_header_text_color"
  },

  "switch_persona_and_classic_message": {
    "size": [ "100%", "default" ],
    "font_type": "default",
    "font_scale_factor": 1.0,
    "layer": 10
  },

  "popup_frame@common.empty_panel": {
    "size": [ 310, 175 ],
    "controls": [
      {
        "dialog@common_dialogs.main_panel_two_buttons": {
          "$show_close_button": false,
          "$use_custom_title_control": true,
          "$custom_title_label": "persona.switch_persona_and_classic_title",
          "$child_control": "persona.switch_persona_and_classic_message",
          "$top_button_panel": "persona.create_persona_choice_check_positioning",
          "$bottom_button_panel": "persona.differences_popup_ok_button"
        }
      }
    ]
  },

  "popup_dialog__restricted_content_popup": {
    "layer": 990,
    "modifications": [
      {
        "array_name": "controls",
        "operation": "insert_front",
        "value": [
          {
            "background_image": {
              "type": "image",
              "size": [ "150%", "150%" ],
              "texture": "textures/ui/White",
              "color": "$dressing_room_dark_bg_color",
              "alpha": 0.8
            }
          }
        ]
      }
    ]
  },

  "realms_extra_info_content": {
    "anchor_from": "top_middle",
    "anchor_to": "top_middle",
    "offset": [ 0, 0 ]
  },

  "popup_dialog__realms_plus_extra_info/background_image": {
    "size": [ "150%", "150%" ]
  },

  "popup_dialog__realms_plus_extra_info": {
    "modifications": [
      {
        "control_name": "dialog_bg",
        "operation": "replace",
        "value": [
          {
            "dialog_bg@persona.popup_dialog_bg": {
              "$show_close_button": false,
              "size": [ 250, 130 ],
              "$dialog_content": "persona.realms_extra_info_panel",
              "$persona_popup_title_text": "#realms_plus_skin_pack_name",
              "$persona_popup_title_bindings": [
                {
                  "binding_name": "#realms_plus_skin_pack_name"
                }
              ]
            }
          }
        ]
      }
    ]
  },

  "popup_dialog_invalid_custom_skin_content": {
    "controls": [
      {
        "popup_dialog_message@popup_dialog.popup_dialog_message": {
          "color": "$dressing_room_right_side_default_text_color"
        }
      },
      {
        "popup_dialog_middle_button@popup_dialog.popup_dialog_middle_button": {
          "size": [ "100%", 30 ],
          "anchor_from": "bottom_middle",
          "anchor_to": "bottom_middle"
        }
      }
    ]
  },

  "popup_dialog__invalid_custom_skin": {
    "size": [ "100%", "100%" ],
    "layer": 990,
    "modifications": [
      {
        "array_name": "controls",
        "operation": "insert_front",
        "value": [
          {
            "background_image": {
              "type": "image",
              "size": [ "150%", "150%" ],
              "texture": "textures/ui/White",
              "color": "$dressing_room_dark_bg_color",
              "alpha": 0.8
            }
          }
        ]
      }
    ]
  },

  "popup_dialog__invalid_custom_skin/popup_dialog_bg": {
    "size": [ 310, 145 ],
    "$show_close_button": false
  },

  "popup_dialog__choose_skin_type": {
    "size": [ "100%", "100%" ],
    "layer": 990,
    "modifications": [
      {
        "array_name": "controls",
        "operation": "insert_front",
        "value": [
          {
            "background_image": {
              "type": "image",
              "size": [ "150%", "150%" ],
              "texture": "textures/ui/White",
              "color": "$dressing_room_dark_bg_color",
              "alpha": 0.8
            }
          }
        ]
      }
    ]
  },

  "popup_dialog__choose_skin_type/popup_dialog_bg": {
    "size": [ "40%", "65%" ]
  },

  "popup_dialog__custom_skin_info/background_image": {
    "size": [ "150%", "150%" ]
  },

  "popup_dialog__custom_skin_info": {
    "modifications": [
      {
        "control_name": "popup_dialog_bg",
        "operation": "replace",
        "value": [
          {
            "popup_dialog_bg@persona.popup_dialog_bg": {
              "$show_close_button": false,
              "$dialog_content": "persona.custom_skin_info_panel",
              "size": [ 310, 175 ]
            }
          }
        ]
      }
    ]
  },

  "popup_dialog__emote_equip_slot_editor/background_image": {
    "size": [ "150%", "150%" ]
  },

  "popup_dialog_title_label": {
    "type": "label",
    "$persona_popup_title_size|default": [ "100%", "default" ],
    "size": "$persona_popup_title_size",
    "layer": 2,
    "text_alignment": "center",
    "text": "$persona_popup_title_text",
    "color": "$main_header_text_color",

    "$persona_popup_title_bindings|default": [],
    "bindings": "$persona_popup_title_bindings"
  },

  "popup_dialog_bg": {
    "alpha": 0,
    "controls": [
      {
        "dialog@common_dialogs.main_panel_no_buttons": {
          "$use_custom_title_control": true,
          "$custom_title_label": "persona.popup_dialog_title_label",
          "$child_control": "$dialog_content"
        }
      }
    ]
  },

  "persona_screen_main_panel_content": {
    "modifications": [
      {
        "array_name": "controls",
        "operation": "insert_back",
        "value": [
          {
            "persona_pieces_filter_menu_screen_content@persona_pieces_filter_menu.persona_pieces_filter_menu_screen_content": {}
          }
        ]
      }
    ]
  },

  "persona_screen_content": {
    "modifications": [
      {
        "array_name": "controls",
        "operation": "insert_back",
        "value": [
          {
            "confirm_purchase_popup_dialog@tyel_confirm_purchase_dialog.confirm_purchase_popup_dialog": {
              "$confirm_purchase_scrolling_content": "tyel_confirm_purchase_dialog.persona_confirm_purchase_summary_panel"
            }
          }
        ]
      }
    ]
  },

  "persona_screen_content/popup_dialog_factory": {
    "control_ids": {
      "toast_message": "@persona.popup_toast"
    }
  },

  "persona_header_icons_control": {
    "type": "panel",
    "size": [ 24, 24 ],
    "$screen_header_title_binding_type": "global",
    "controls": [
      {
        "character_creator@common_store.header_icon_item": {
          "$header_icon_text_condition": "dr.header.customization",
          "$header_icon_texture": "textures/ui/sidebar_icons/character_creator"
        }
      },
      {
        "classic_skins@common_store.header_icon_item": {
          "$header_icon_text_condition": "dr.header.classic_skins",
          "$header_icon_texture": "textures/ui/sidebar_icons/classic_skins"
        }
      },
      {
        "emotes@common_store.header_icon_item": {
          "$header_icon_text_condition": "dr.header.animation",
          "$header_icon_texture": "textures/ui/sidebar_icons/emotes"
        }
      },
      {
        "capes@common_store.header_icon_item": {
          "$header_icon_text_condition": "dr.header.capes",
          "$header_icon_texture": "textures/ui/sidebar_icons/capes"
        }
      },
      {
        "zooming@common_store.header_icon_item": {
          "$header_icon_text_condition": "dr.zooming",
          "$header_icon_texture": "textures/ui/icon_preview"
        }
      },
      {
        "persona@common_store.header_icon_item": {
          "$use_custom_source_property": true,
          "$custom_source_property": "(not ((#screen_header_title = 'dr.header.customization') or (#screen_header_title = 'dr.header.classic_skins') or (#screen_header_title = 'dr.header.animation') or (#screen_header_title = 'dr.header.capes') or (#screen_header_title = 'dr.zooming')))",
          "$header_icon_texture": "textures/ui/sidebar_icons/character_creator"
        }
      }
    ]
  },

  "feature_set_visibility_toggle@common_toggles.icon_toggle": {
    "size": [ "100%", 14 ],
    "$toggle_on_image": "textures/ui/arrow_up_white",
    "$toggle_off_image": "textures/ui/arrow_down_white",
    "$toggle_image_size": [ 7, 4 ],
    "$toggle_image_anchor": "right_middle",
    "$toggle_image_offset": [ -4, 0 ],
    "anchor_from": "top_right",
    "anchor_to": "top_right",
    "layer": 6
  },

  "persona_screen_helpers_content@persona.persona_screen_helpers_content_template": {
    "$top_status_and_coins_visible_binding_type": "global",
    "$top_status_and_coins_visible_binding": "(not #preview_appearance_on)",
    "bindings": [
      {
        "binding_name": "(not #preview_appearance_on)",
        "binding_name_override": "#visible",
        "binding_type": "global"
      }
    ]
  },

  "persona_screen_helpers_content_template": {
    "type": "panel",
    "size": [ "100%", "100%cm" ],
    "controls": [
      {
        "gamepad_helper_start@common.gamepad_helper_start": {
          "offset": [ 4, 0 ],
          "anchor_from": "bottom_left",
          "anchor_to": "bottom_left",
          "$gamepad_description": "common_store.gamepad_helper_start_description"
        }
      },
      {
        "right_helpers_simple_sidebar_inactive": {
          "type": "stack_panel",
          "orientation": "horizontal",
          "size": [ "100%c", "100%cm" ],
          "anchor_from": "bottom_right",
          "anchor_to": "bottom_right",
          "bindings": [
            {
              "binding_name": "(not #is_simple_sidebar_state_active)",
              "binding_name_override": "#visible"
            }
          ],
          "controls": [
            { "gamepad_helper_a@common.gamepad_helper_a": {} },
            { "gamepad_helper_b@common.gamepad_helper_b": {} }
          ]
        }
      },
      {
        "right_helpers_simple_sidebar_active": {
          "type": "stack_panel",
          "orientation": "horizontal",
          "size": [ "100%c", "100%cm" ],
          "anchor_from": "bottom_right",
          "anchor_to": "bottom_right",
          "bindings": [
            {
              "binding_name": "#is_simple_sidebar_state_active",
              "binding_name_override": "#visible"
            }
          ],
          "controls": [
            {
              "gamepad_helper_x_wrapper": {
                "ignored": "$store_disabled",
                "type": "panel",
                "size": [ "100%c", "100%c" ],
                "$top_status_and_coins_visible_binding_type|default": "none",
                "$top_status_and_coins_visible_binding|default": "",
                "bindings": [
                  {
                    "binding_type": "$top_status_and_coins_visible_binding_type",
                    "binding_name": "$top_status_and_coins_visible_binding",
                    "binding_name_override": "#visible"
                  }
                ],
                "controls": [
                  {
                    "gamepad_helper_x@common.gamepad_helper_x": {
                      "$icon_description_bind": "store.coin.title"
                    }
                  }
                ]
              }
            },
            { "gamepad_helper_a@common.gamepad_helper_a": {} },
            { "gamepad_helper_b@common.gamepad_helper_b": {} },
            {
              "gamepad_helper_thumbstick_right@common.gamepad_helper_thumbstick_right": {
                "$icon_description_bind": "dr.header.previewAppearance"
              }
            }
          ]
        }
      }
    ]
  }
}