{
  "emote_wheel_slot_content/$emote_slot_name": {
    "size": [ "33% - 4px", "33% - 4px" ],
    "offset": "$emote_image_offset",
    "texture": "textures/ui/White",
    "color": [ 0.002, 0.356, 0.031 ],
    "layer": 2,
    "anims": [
      "@persona_common.emote_wheel_slot_entrance_animation_push",
      "@persona_common.emote_wheel_slot_entrance_animation_pop",
      "@persona_common.emote_wheel_slot_exit_animation_push",
      "@persona_common.emote_wheel_slot_exit_animation_pop"
    ]
  },

  "emote_wheel_slot_content/image_0": {
    "anims": [
      "@persona_common.emote_wheel_slot_entrance_animation_push",
      "@persona_common.emote_wheel_slot_entrance_animation_pop",
      "@persona_common.emote_wheel_slot_exit_animation_push",
      "@persona_common.emote_wheel_slot_exit_animation_pop"
    ]
  },

  "emote_wheel_slot_content": {
    "modifications": [
      {
        "array_name": "controls",
        "operation": "insert_front",
        "value": [
          {
            "unselected_cell@persona_common.wheel_state": {
              "size": [ "33% + 4px", "33% + 4px" ],
              "layer": 3,
              "texture": "textures/ui/dialog_background_hollow_4_thin",
              "offset": "$emote_image_offset",
              "anims": [
                "@persona_common.emote_wheel_slot_entrance_animation_push",
                "@persona_common.emote_wheel_slot_entrance_animation_pop",
                "@persona_common.emote_wheel_slot_exit_animation_push",
                "@persona_common.emote_wheel_slot_exit_animation_pop"
              ],
              "controls": [
                {
                  "black_bg": {
                    "type": "image",
                    "texture": "textures/ui/Black",
                    "size": [ "100% - 8px", "100% - 8px" ],
                    "layer": -2
                  }
                }
              ]
            }
          }
        ]
      }
    ]
  },

  "emote_selection_wheel/default_state": {
    "texture": ""
  },

  "emote_selection_wheel": {
    "modifications": [
      {
        "array_name": "controls",
        "operation": "insert_front",
        "value": [
          {
            "center_cell@persona_common.wheel_state": {
              "size": [ "36% + 4px", "36% + 4px" ],
              "layer": 6,
              "texture": "textures/ui/dialog_background_hollow_4_thin",
              "controls": [
                {
                  "black_bg": {
                    "type": "image",
                    "texture": "textures/ui/Black",
                    "size": [ "100% - 8px", "100% - 8px" ],
                    "layer": -1
                  }
                }
              ]
            }
          }
        ]
      }
    ]
  },


  "emote_wheel_slot_entrance_animation_push": {
    "anim_type": "offset",
    "easing": "in_out_quint",
    "duration": "$transition_time_push",
    "$subtract_time": 0.2,
    "from": [ 0, 0 ],
    "to": "$emote_image_offset",
    "play_event": "screen.entrance_push",
    "end_event": "screen.entrance_end"
  },

  "emote_wheel_slot_entrance_animation_pop": {
    "anim_type": "offset",
    "easing": "in_out_quint",
    "duration": "$transition_time_pop",
    "$subtract_time": 0.2,
    "from": [ 0, 0 ],
    "to": "$emote_image_offset",
    "play_event": "screen.entrance_pop",
    "end_event": "screen.entrance_end"
  },

  "emote_wheel_slot_exit_animation_push": {
    "anim_type": "offset",
    "easing": "in_out_quint",
    "duration": "$transition_time_push",
    "$subtract_time": 0.2,
    "from": "$emote_image_offset",
    "to": [ 0, 0 ],
    "play_event": "screen.exit_push",
    "end_event": "screen.exit_end"
  },

  "emote_wheel_slot_exit_animation_pop": {
    "anim_type": "offset",
    "easing": "in_out_quint",
    "duration": "$transition_time_pop",
    "$subtract_time": 0.2,
    "from": "$emote_image_offset",
    "to": [ 0, 0 ],
    "play_event": "screen.exit_pop",
    "end_event": "screen.exit_end"
  }
}