{
  "edge_image_common": {
    "type": "image",
    "texture": "textures/ui/White",
    "size": "$edge_image_size",
    "color": "white",
    "layer": -1,
    "anchor_from": "$edge_anchor",
    "anchor_to": "$edge_anchor",
    "use_anchored_offset": true,
    "property_bag": {
      "#anchored_offset_value_x": 0.0,
      "#anchored_offset_value_y": 0.0
    },
    "bindings": [
      {
        "binding_name": "$local_safe_zone_offset_x",
        "binding_name_override": "#anchored_offset_value_x"
      },
      {
        "binding_name": "$local_safe_zone_offset_y",
        "binding_name_override": "#anchored_offset_value_y"
      }
    ]
  },

  "edge_left@safe_zone.edge_image_common": {
    "$edge_image_size": [ 1, 1600 ],
    "$edge_anchor": "left_middle",
    "$local_safe_zone_offset_x": "#left_safe_zone_offset",
    "$local_safe_zone_offset_y": "#anchored_offset_value_y"
  },

  "edge_right@safe_zone.edge_image_common": {
    "$edge_image_size": [ 1, 1600 ],
    "$edge_anchor": "right_middle",
    "$local_safe_zone_offset_x": "#right_safe_zone_offset",
    "$local_safe_zone_offset_y": "#anchored_offset_value_y"
  },

  "edge_top@safe_zone.edge_image_common": {
    "$edge_image_size": [ 2000, 1 ],
    "$edge_anchor": "top_middle",
    "$local_safe_zone_offset_x": "#anchored_offset_value_x",
    "$local_safe_zone_offset_y": "#top_safe_zone_offset"
  },

  "edge_bottom@safe_zone.edge_image_common": {
    "$edge_image_size": [ 2000, 1 ],
    "$edge_anchor": "bottom_middle",
    "$local_safe_zone_offset_x": "#anchored_offset_value_x",
    "$local_safe_zone_offset_y": "#bottom_safe_zone_offset"
  },

  "content_panel": {
    "size": [ "100% - 8px", "100%c" ],
    "modifications": [
      {
        "array_name": "controls",
        "operation": "insert_front",
        "value": [
          {
            "padding_top@common.empty_panel": {
              "size": [ 4, 4 ]
            }
          }
        ]
      }
    ]
  },

  "content_panel/safe_zone_slider_x": {
    "ignored": false
  },

  "content_panel/safe_zone_slider_y": {
    "ignored": false
  },

  "content_panel/screen_position_slider_x": {
    "ignored": false
  },

  "content_panel/screen_position_slider_y": {
    "ignored": false
  },

  "main_content_scrolling_panel": {
    "type": "panel",
    "size": [ "100%", "100%" ],
    "controls": [
      {
        "scrolling_panel@common.scrolling_panel": {
          "size": [ "100%", "100%" ],
          "$scrolling_pane_size": [ "100% - 4px", "100%" ],
          "$scrolling_pane_offset": [ 1, 0 ],
          "$scroll_size": [ 5, "100% - 4px" ],
          "$scrolling_content": "safe_zone.content_panel",
          "$scroll_bar_left_padding_size": [ 2, 0 ],
          "$scroll_bar_right_padding_size": [ 2, 0 ],
          "$show_background": false,
          "$bar_visible": true,
          "$scrolling_content_anchor_from": "top_middle",
          "$scrolling_content_anchor_to": "top_middle"
        }
      }
    ]
  },

  "confirm_button_panel": {
    "type": "panel",
    "controls": [
      {
        "confirm_button@common_buttons.tyel_design:light_text_button": {
          "layer": 1,
          "size": [ "100%", 32 ],
          "$pressed_button_name": "button.confirm_button",
          "$button_text": "gui.confirm",
          "$focus_override_down": "FOCUS_OVERRIDE_STOP"
        }
      }
    ]
  },

  "main_content_dialog_panel": {
    "type": "panel",
    "size": [ 310, "70%" ],
    "min_size": [ 310, 200 ],
    "max_size": [ 310, 270 ],
    "animation_reset_name": "screen_animation_reset",
    "propagate_alpha": true,
    "disable_anim_fast_forward": true,
    "anims": [
      "@tyel_oreui_design__anims.oreui_dialog_entrance_animation_fade",
      "@tyel_oreui_design__anims.oreui_dialog_entrance_animation_pop_fade",
      "@tyel_oreui_design__anims.oreui_dialog_exit_animation_push_fade",
      "@tyel_oreui_design__anims.oreui_dialog_exit_animation_pop_fade"
    ],
    "controls": [
      {
        "dialog_panel@common_dialogs.main_panel_one_button": {
          "$show_close_button": false,
          "$text_name": "options.safeZone.title",
          "$child_control": "safe_zone.main_content_scrolling_panel",
          "$top_button_panel": "safe_zone.confirm_button_panel",
          "$oreui_dialog_style__animate_dialog": true
        }
      }
    ]
  },

  "safe_zone_screen/safe_zone_bounds_markers": {
    "animation_reset_name": "screen_animation_reset",
    "propagate_alpha": true,
    "disable_anim_fast_forward": true,
    "anims": "$background_animations",
    "modifications": [
      {
        "array_name": "controls",
        "operation": "insert_back",
        "value": [
          { "left_marker@edge_left": {} },
          { "right_marker@edge_right": {} },
          { "top_marker@edge_top": {} },
          { "bottom_marker@edge_bottom": {} }
        ]
      }
    ]
  },

  "safe_zone_screen": {
    "modifications": [
      {
        "array_name": "controls",
        "operation": "insert_back",
        "value": [
          {
            "screen_background@common.screen_background": {
              "anims": "$background_animations",
              "animation_reset_name": "screen_animation_reset",
              "propagate_alpha": true,
              "disable_anim_fast_forward": true
            }
          }
        ]
      },
      {
        "control_name": "main_content_panel",
        "operation": "replace",
        "value": [
          {
            "main_content_panel@safe_zone.main_content_dialog_panel": {}
          }
        ]
      }
    ]
  }
}