{
  "skin_button_panel_not_gamepad/equip_button": {
    "modifications": [
      {
        "array_name": "bindings",
        "operation": "insert_back",
        "value": [
          {
            "binding_type": "collection",
            "binding_collection_name": "skins_collection",
            "binding_name": "#skin_button_visible",
            "binding_name_override": "#visible"
          }
        ]
      }
    ]
  },

  "skins_grid_outer_padding@common.empty_panel": {
    "size": [ "fill", "100%" ]
  },

  "skins_grid_stack": {
    "type": "stack_panel",
    "orientation": "horizontal",
    "collection_name": "skins_collection",
    "controls": [
      { "left_padding@skin_pack_purchase.skins_grid_outer_padding": {} },
      { "skins_00@skin_pack_purchase.skins_grid_item": { "collection_index": 0 } },
      { "skins_01@skin_pack_purchase.skins_grid_item": { "collection_index": 1 } },
      { "skins_02@skin_pack_purchase.skins_grid_item": { "collection_index": 2 } },
      { "skins_03@skin_pack_purchase.skins_grid_item": { "collection_index": 3 } },
      { "skins_04@skin_pack_purchase.skins_grid_item": { "collection_index": 4 } },
      { "right_padding@skin_pack_purchase.skins_grid_outer_padding": {} }
    ]
  },

  "skins_panel/bg": {
    "modifications": [
      {
        "control_name": "sg",
        "operation": "replace",
        "value": [
          {
            "sg@skin_pack_purchase.skins_grid_stack": {
              "size": "$skins_grid_size",
              "anchor_from": "center",
              "anchor_to": "center"
            }
          }
        ]
      }
    ]
  }
}
