{
  "right_panel/content/smithing_content_stack_panel": {
    "bindings": [
      {
        "binding_type": "view",
        "source_control_name": "right_navigation_tab_smithing_table",
        "source_property_name": "#toggle_state",
        "target_property_name": "#visible"
      }
    ]
  },

  "right_panel/content": {
    "modifications": [
      {
        "array_name": "controls",
        "operation": "insert_back",
        "value": [
          {
            "smithing_preview_stack_panel@tyel_smithing_preview.smithing_previews_content_panel_pocket": {
              "layer": 2,
              "bindings": [
                {
                  "binding_type": "view",
                  "source_control_name": "right_navigation_tab_smithing_preview",
                  "source_property_name": "#toggle_state",
                  "target_property_name": "#visible"
                }
              ]
            }
          }
        ]
      }
    ]
  },

  "smithing_table_preview_tab_icon": {
    "type": "image",
    "texture": "textures/ui/magnifyingGlass",
    "size": [ 16, 16 ]
  },

  "right_tab_smithing_table": {
    "$tab_view_binding_name": "right_navigation_tab_smithing_table",
    "$toggle_binding_type": "none",
    "$toggle_state_binding_name": "",
    "$toggle_default_state": true,
    "$radio_toggle_group": true,
    "$toggle_group_forced_index": 0
  },

  "right_tab_smithing_preview@common_tabs.pocket_tab_right": {
    "$tab_content": "smithing_table_2_pocket.smithing_table_preview_tab_icon",
    "$tab_view_binding_name": "right_navigation_tab_smithing_preview",
    "$radio_toggle_group": true,
    "$toggle_group_forced_index": 1
  },

  "right_navigation_tabs": {
    "modifications": [
      {
        "control_name": "fill",
        "operation": "insert_after",
        "value": [
          {
            "right_tab_smithing_preview@smithing_table_2_pocket.right_tab_smithing_preview": {}
          }
        ]
      }
    ]
  },

  "smithing_table_panel": {
    "modifications": [
      {
        "control_name": "container_gamepad_helpers",
        "operation": "remove"
      }
    ]
  }
}