{
  "vertical_arrow_icon": {
    "$arrow_alpha|default": 0,
    "$arrow_controls|default": [
      {
        "quick_craft@stonecutter_pocket.quick_craft_button": {}
      }
    ],
    "alpha": "$arrow_alpha",
    "controls": "$arrow_controls",
    "variables": [
      {
        "requires": "(not $use_quick_craft_button)",
        "$arrow_alpha": 1,
        "$arrow_controls": []
      }
    ]
  },

  "quick_craft_button_content": {
    "type": "panel",
    "controls": [
      {
        "vertical_arrow_icon_image": {
          "type": "image",
          "texture": "textures/ui/arrow_down_large",
          "size": [ 15, 22 ]
        }
      },
      {
        "hover_text@tyel_common.hover_text_panel": {
          "visible": true,
          "$hover_text_panel": "tyel_container_calc_panels.stonecutter_quick_craft_hover_text_panel"
        }
      }
    ]
  },

  "quick_craft_button@common_buttons.light_content_button": {
    "size": [ "100% + 4px", "100% + 4px" ],
    "layer": 2,
    "property_bag": {
      "#collection_name": "stonecutter_result_items",
      "#collection_index": 0
    },
    "$button_tts_header": "container.quickCraft",
    "$pressed_button_name": "button.container_auto_place",
    "$button_content": "stonecutter_pocket.quick_craft_button_content",
    "button_mappings": [
      {
        "from_button_id": "button.menu_select",
        "to_button_id": "$pressed_button_name",
        "mapping_type": "double_pressed"
      },
      {
        "from_button_id": "button.menu_ok",
        "to_button_id": "$pressed_button_name",
        "mapping_type": "focused"
      }
    ]
  },

  "stonecutter_panel": {
    "modifications": [
      {
        "array_name": "controls",
        "operation": "insert_back",
        "value": [
          {
            "stonecutter_item_count_calc@tyel_container_calc_panels.stonecutter_item_count_calc": {
              "visible": "(not $is_publish or $debug_mode)"
            }
          }
        ]
      },
      {
        "control_name": "container_gamepad_helpers",
        "operation": "remove"
      }
    ]
  }
}