{
  "list_panel/list_panel_content/search_and_offers_grid_scroll_panel": {
    "variables": [
      {
        "requires": "(not $expanded_content_area_max_size)",
        "$scroll_view_port_max_size": [ 525, "100%" ]
      }
    ]
  },

  "store_search_screen_content/main_panel": {
    "$store_header_icon": "textures/ui/sidebar_icons/my_content",
    "$ignore_inventory_button": true
  },

  "store_inventory_screen": {
    "$screen_helpers_content": "store_layout.store_layout_helpers_content",
    "$screen_helpers_content_layer": 600,
    "button_mappings": [
      {
        "from_button_id": "button.menu_cancel",
        "to_button_id": "button.menu_exit",
        "mapping_type": "global"
      },
      {
        "from_button_id": "button.controller_secondary_select",
        "to_button_id": "button.focus_search",
        "mapping_type": "global",
        "ignored": "$is_on_3p_server"
      },
      {
        "from_button_id": "button.controller_select",
        "to_button_id": "button.coin_wallet",
        "mapping_type": "global"
      }
    ],
    "$main_panel_control_animations": [
      "@common.screen_entrance_animation_push_offset",
      "@common.screen_entrance_animation_pop_offset",
      "@common.screen_exit_animation_push_offset",
      "@common.screen_exit_animation_pop_offset",
      "@common.screen_entrance_animation_push_fade",
      "@common.screen_entrance_animation_pop_fade",
      "@common.screen_exit_animation_push_fade",
      "@common.screen_exit_animation_pop_fade"
    ],
    "$screen_animations": [
      "@common.screen_entrance_animation_push_fade",
      "@common.screen_exit_animation_pop_fade"
    ],
    "$background_animations": [
      "@common.screen_exit_animation_pop_fade"
    ],
    "variables": [
      {
        "requires": "(not $use_animation)",
        "$screen_animations": [
          "@common.screen_exit_animation_no_offset",
          "@common.screen_exit_animation_pop_fade"
        ],
        "$background_animations": [
          "@common.screen_exit_animation_pop_fade"
        ]
      },
      {
        "requires": "($use_animation or (not $is_sidebar_navigation_enabled))",
        "$screen_animations": [
          "@common.screen_entrance_animation_push_fade",
          "@common.screen_exit_animation_pop_fade"
        ],
        "$background_animations": [
          "@common.screen_exit_animation_pop_fade"
        ]
      }
    ]
  },

  "main_panel_content": {
    "type": "panel",
    "size": [ "100%", "100%" ],
    "controls": [
      {
        "main_panel@store_inventory.main_panel": {
          "anims": "$main_panel_control_animations",
          "$main_panel_control_animations|default": [],
          "propagate_alpha": true,
          "disable_anim_fast_forward": true,
          "animation_reset_name": "screen_animation_reset"
        }
      }
    ]
  },

  "store_inventory_screen_main_panel/main_content_view": {
    "$sidebar_main_view_content": "store_inventory.main_panel_content"
  }
}