{
  "store_offer_grid": {
    "propagate_alpha": true,
    "anims": "$content_anims",
    "$content_anims": [],
    "variables": [
      {
        "requires": "$screen_transitions_enabled",
        "$content_anims": [
          "@store_item_list.anim_store_offer_grid_item_offset",
          "@store_item_list.anim_store_offer_grid_item_alpha"
        ]
      }
    ]
  },

  "anim_store_offer_grid_item_offset": {
    "anim_type": "offset",
    "easing": "out_expo",
    "duration": "$transition_time_pop",
    "from": "$anim_from",
    "to": [ 0, 0 ],
    "$anim_from": [ 0, "50%" ],
    "variables": [
      {
        "requires": "$enable_reduced_motion_mode",
        "$anim_from": [ 0, 0 ]
      }
    ]
  },

  "anim_store_offer_grid_item_alpha": {
    "anim_type": "alpha",
    "easing": "out_quart",
    "duration": "$transition_time_pop",
    "from": 0.0,
    "to": 1.0
  }
}