{
  "popup_anim": {
    "easing": "out_quart"
  },

  "key_art_image": {
    "$icon_size": [ 32, 18 ],
    "size": [ 32, 18 ]
  },

  "toast_icon": {
    "size": [ 16, 16 ]
  },

  "persona_icon": {
    "size": [ 32, 18 ]
  },

  "resource_pack_icon": {
    "size": [ 16, 16 ]
  },

  "popup/background": {
    "texture": "textures/ui/tyel_oreui_design/misc/snackbar_background",
    "size": [ "100%sm + 10px", "100%sm + 10px" ],
    "offset": [ 1, 4 ]
  },

  "popup": {
    "layer": 100,
    "modifications": [
      {
        "control_name": "popup_content",
        "operation": "replace",
        "value": [
          {
            "popup_content@toast_screen.popup_content": {
              "offset": [ 0, 4 ]
            }
          }
        ]
      }
    ]
  },

  "popup_content": {
    "type": "stack_panel",
    "orientation": "horizontal",
    "size": [ "100%c", "100%cm" ],
    "use_child_anchors": true,
    "layer": 1,
    "controls": [
      {
        "icon_padding": {
          "layer": 1,
          "type": "stack_panel",
          "size": [ "100%cm", "100%cm" ],
          "factory": {
            "name": "toast_image_factory",
            "control_ids": {
              "xbox_icon": "@toast_screen.xbox_icon",
              "third_party_achievement_icon": "@toast_screen.third_party_achievement_icon",
              "third_party_invite_icon": "@toast_screen.third_party_invite_icon",
              "icon_resource_pack": "@toast_screen.resource_pack_icon",
              "key_art_image": "@toast_screen.key_art_image",
              "persona_icon": "@toast_screen.persona_icon"
            },
            "factory_variables": [
              "$hide_xbox_live_icon"
            ]
          },
          "bindings": [
            {
              "binding_type": "global",
              "binding_name": "#toast_icon_section_content",
              "binding_name_override": "#collection_length"
            }
          ]
        }
      },
      {
        "text_padding": {
          "type": "panel",
          "size": [ 4, 4 ],
          "bindings": [
            {
              "binding_name": "#text_padding_visible",
              "binding_name_override": "#visible"
            }
          ]
        }
      },
      {
        "text_stack_panel": {
          "type": "stack_panel",
          "size": [ "100%cm", "100%c" ],
          "controls": [
            {
              "title@toast_screen.toast_label": {
                "text": "#toast_title",
                "color": "$toast_text_color",
                "size": [ "default", "default" ],
                "max_size": [ 420, 20 ],
                "layer": 2,
                "bindings": [
                  {
                    "binding_name": "#toast_title"
                  }
                ]
              }
            },
            {
              "subtitle": {
                "type": "stack_panel",
                "orientation": "horizontal",
                "size": [ "100%c", "100%cm" ],
                "controls": [
                  {
                    "icon_padding": {
                      "type": "panel",
                      "size": [ 9, 7 ],
                      "bindings": [
                        {
                          "binding_name": "#is_achievement",
                          "binding_name_override": "#visible"
                        }
                      ],
                      "controls": [
                        {
                          "gamer_score_icon@toast_screen.gamer_score_icon": {
                            "layer": 1,
                            "anchor_from": "left_middle",
                            "anchor_to": "left_middle"
                          }
                        }
                      ]
                    }
                  },
                  {
                    "subtext_offset@common.empty_panel": {
                      "size": [ "100%c", 10 ],
                      "bindings": [
                        {
                          "binding_name": "#toast_subtitle_visible",
                          "binding_name_override": "#visible"
                        }
                      ],
                      "controls": [
                        {
                          "subtext@toast_screen.toast_label": {
                            "size": [ "default", "default" ],
                            "max_size": [ 410, 10 ],
                            "offset": [ 0, -2 ],
                            "text": "#toast_subtitle",
                            "bindings": [
                              {
                                "binding_name": "#toast_subtitle"
                              },
                              {
                                "binding_name": "#toast_font_type",
                                "binding_name_override": "#font_type"
                              }
                            ]
                          }
                        }
                      ]
                    }
                  }
                ]
              }
            }
          ]
        }
      }
    ]
  },
/*
  "recipe_unlocked_anim_start": {
    "anim_type": "offset",
    "easing": "out_quart",
    "from": "$anim_to",
    "to": "$anim_origin",
    "duration": 1,
    "next": "@toast_screen.recipe_unlocked_anim_wait",
    "end_event": "toast_animation_in_finished"
  },

  "recipe_unlocked_anim_wait": {
    "anim_type": "wait",
    "duration": "$display_time",
    "next": "@toast_screen.recipe_unlocked_anim_end"
  },

  "recipe_unlocked_anim_end": {
    "anim_type": "offset",
    "easing": "in_quart",
    "from": "$anim_origin",
    "to": "$anim_to",
    "duration": 1,
    "end_event": "toast_animation_out_finished"
  },*/

  "recipe_unlocked_popup/input_panel/label_panel/label_panel/label": {
    "line_padding": 0
  },

  "recipe_unlocked_popup/input_panel/label_panel": {
    "anchor_from": "left_middle",
    "anchor_to": "left_middle"
  },

  "recipe_unlocked_popup/input_panel": {
    "min_size": [ 165, "100%cm" ]
  },

  "recipe_unlocked_popup": {
    "size": [ "100%cm", "100%cm" ],
    /*"$display_time|default": 3,
    "$toast_control": "recipe_unlocked",
    "$offset_anims": [
      "@toast_screen.recipe_unlocked_anim_start"
    ],
    "anchor_from": "top_right",
    "anchor_to": "top_right",
    "$anim_to": [ 300, 0 ],
    "$anim_origin": [ 0, 0 ],
    "variables": [
      {
        "requires": "$pocket_screen",
        "$anim_to": [ 300, 20 ],
        "$anim_origin": [ 0, 20 ]
      }
    ],*/
    "modifications": [
      {
        "array_name": "controls",
        "operation": "insert_back",
        "value": [
          {
            "crafting_table_icon@toast_screen.item_renderer": {
              "size": [ 9, 9 ],
              "anchor_from": "top_left",
              "anchor_to": "top_left",
              "offset": [ 2, 2 ],
              "layer": 1,
              "property_bag": {
                "#item_id_aux": 3801088
              }
            }
          }
        ]
      }
    ]
  },

  "fade_anim_start": {
    "anim_type": "alpha",
    "easing": "linear",
    "from": 0.0,
    "to": 1.0,
    "duration": "$transition_in_time",
    "next": "@toast_screen.fade_anim_wait"
  },

  "formfit_toast_offset_anim_start": {
    "anim_type": "offset",
    "easing": "out_back",
    "from": "$push_out_anim_offset",
    "to": "$push_in_anim_offset",
    "$push_out_anim_offset|default": [ 0, -50 ],
    "$push_in_anim_offset|default": [ 0, 10 ],
    "duration": "$transition_in_time",
    "next": "@toast_screen.formfit_toast_offset_anim_wait"
  },

  "formfit_toast_offset_anim_wait": {
    "anim_type": "wait",
    "duration": "$display_time",
    "next": "@toast_screen.formfit_toast_offset_anim_end"
  },

  "formfit_toast_offset_anim_end": {
    "anim_type": "offset",
    "easing": "in_sine",
    "from": "$push_in_anim_offset",
    "to": "$push_out_anim_offset",
    "$push_out_anim_offset|default": [ 0, -50 ],
    "$push_in_anim_offset|default": [ 0, 10 ],
    "duration": "$transition_out_time",
    "destroy_at_end": "$toast_control",
    "end_event": "toast_end"
  },

  "formfitting_alpha_toast/bg/label": {
    "size": [ "default", "default" ],
    "max_size": [ 240, "default" ],
    "$toast_text|default": "#toast_title",
    "$toast_text_bindings|default": [
      {
        "binding_name": "$toast_text"
      }
    ],
    "text": "$toast_text",
    "bindings": "$toast_text_bindings",
    "$toast_font_type": "default"
  },

  "formfitting_alpha_toast/bg": {
    "offset": "$offset_anims",
    "texture": "textures/ui/tyel_oreui_design/misc/snackbar_background",
    "size": [ "100%cm + 10px", "100%cm + 10px" ]
  },

  "formfitting_alpha_toast": {
    "$transition_in_time": 0.5,
    "$transition_out_time": 0.3,
    "$toast_font_type": "default",
    "$push_out_anim_offset|default": [ 0, -50 ],
    "$push_in_anim_offset|default": [ 0, 10 ],
    "$offset_anims": "@toast_screen.formfit_toast_offset_anim_start",
    "$alpha_anims": []
  },

  "formfitting_chat_popup@toast_screen.formfitting_alpha_toast": {
    "$toast_control": "formfitting_chat_popup",
    "$push_out_anim_offset": [ 0, -50 ],
    "$push_in_anim_offset": [ 0, 30 ]
  },

  "snackbar/body/background/content/vertically_central_text/text": {
    "font_type": "default",
    "font_scale_factor": 1.0
  },

  "formfitting_custom_toast": {
    "type": "panel",
    "layer": 50,

    "$display_time": 3,
    "$transition_in_time": 0.5,
    "$transition_out_time": 0.3,
    "$push_out_anim_offset|default": [ 0, -50 ],
    "$push_in_anim_offset|default": [ 0, 30 ],
    "$offset_anims": "@toast_screen.formfit_toast_offset_anim_start",
    "$alpha_anims": [],
    "$toast_header_label_control|default": "toast_screen.formfitting_custom_toast_title",
    "$toast_body_label_control|default": "toast_screen.formfitting_custom_toast_title",

    "$toast_font_type|default": "smooth",
    "$header_text|default": "",
    "$body_text|default": "",
    "$header_max_size|default": [ "default", "default" ],
    "$body_max_size|default": [ "default", "default" ],
    "$use_text_anchors|default": false,
    "$has_toast_icon|default": false,
    "$toast_icon|default": "textures/ui/infobulb",
    "$toast_icon_size|default": [ 20, 20 ],

    "controls": [
      {
        "bg": {
          "type": "image",
          "anchor_from": "top_middle",
          "anchor_to": "top_middle",
          "offset": "$offset_anims",
          "size": [ "100%c + 10px", "100%c + 10px" ],
          "texture": "textures/ui/tyel_oreui_design/misc/snackbar_background",
          "anims": "$alpha_anims",
          "controls": [
            {
              "inside_panel": {
                "type": "stack_panel",
                "orientation": "horizontal",
                "size": [ "100%c", "100%cm" ],
                "use_child_anchors": true,
                "layer": 5,
                "controls": [
                  {
                    "toast_icon_image": {
                      "ignored": "(not $has_toast_icon)",
                      "type": "image",
                      "texture": "$toast_icon",
                      "size": "$toast_icon_size"
                    }
                  },
                  {
                    "padding_middle": {
                      "ignored": "(not $has_toast_icon)",
                      "type": "panel",
                      "size": [ 4, 0 ]
                    }
                  },
                  {
                    "text_panel": {
                      "type": "stack_panel",
                      "orientation": "vertical",
                      "size": [ "100%cm", "100%c" ],
                      "use_child_anchors": "$use_text_anchors",
                      "controls": [
                        {
                          "header_text@$toast_header_label_control": {
                            "$toast_label_text|default": "$header_text",
                            "$toast_label_max_size|default": "$header_max_size"
                          }
                        },
                        {
                          "body_text@$toast_body_label_control": {
                            "$toast_label_text|default": "$body_text",
                            "$toast_label_max_size|default": "$body_max_size"
                          }
                        }
                      ]
                    }
                  }
                ]
              }
            }
          ]
        }
      }
    ]
  },

  "formfitting_custom_toast_title": {
    "ignored": "($toast_label_text = '')",
    "$toast_font_type|default": "default",
    "type": "label",
    "color": "$toast_text_color",
    "layer": 1,
    "shadow": false,
    "font_size": "$toast_font_type",
    "$toast_text_alignment|default": "left",
    "text_alignment": "$toast_text_alignment",
    "anims": "$alpha_anims",
    "font_type": "$toast_font_type",
    "text": "$toast_label_text",
    "size": [ "default", "default" ],
    "max_size": "$toast_label_max_size"
  },

  "toast_global_vars_check": {
    "ignored": "(not ($tyel_ui_global_variables_check = ''))",
    "$tyel_ui_global_variables_check|default": "",
    "type": "panel",
    "layer": 400,
    "$display_time": 10,
    "$transition_in_time": 0.5,
    "$transition_out_time": 0.3,
    "$toast_font_type": "default",
    "$push_out_anim_offset|default": [ 0, -50 ],
    "$push_in_anim_offset|default": [ 0, 30 ],
    "$toast_control": "toast_global_vars_check",
    "$offset_anims": "@toast_screen.formfit_toast_offset_anim_start",
    "$alpha_anims": [],
    "$toast_text": "resourcePack.tyelUI.globalVarsFailedToLoad.toastMessage",
    "controls": [
      {
        "bg": {
          "type": "image",
          "anchor_from": "top_middle",
          "anchor_to": "top_middle",
          "offset": "$offset_anims",
          "size": [ "100%c + 10px", "100%c + 10px" ],
          "texture": "textures/ui/tyel_oreui_design/misc/snackbar_background",
          "anims": "$alpha_anims",
          "controls": [
            {
              "inside_panel": {
                "type": "stack_panel",
                "orientation": "horizontal",
                "size": [ "100%c", "100%cm" ],
                "controls": [
                  {
                    "icon_image": {
                      "type": "image",
                      "texture": "textures/ui/ErrorGlyph",
                      "size": [ 13, 20 ]
                    }
                  },
                  {
                    "padding_middle": {
                      "type": "panel",
                      "size": [ 4, 0 ]
                    }
                  },
                  {
                    "label@toast_screen.toast_label": {
                      "type": "label",
                      "size": [ 270, "default" ],
                      "offset": [ 0, 0 ],
                      "color": "$toast_text_color",
                      "text": "$toast_text",
                      "text_alignment": "left",
                      "$toast_font_type": "smooth"
                    }
                  }
                ]
              }
            }
          ]
        }
      }
    ]
  },

  "toast_screen_overlay_content": {
    "ignored": "(not $tyel_ui_troubleshooting_mode)",
    "type": "panel",
    "layer": 5,
    "$label_type|default": "",
    "$tyel_ui_global_variables_check|default": "",
    "variables": [
      {
        "requires": "($tyel_ui_global_variables_check = '')",
        "$label_type": "_globalVarsFailedToLoad"
      }
    ],
    "controls": [
      {
        "tyel_ui_troubleshooting_mode_watermark": {
          "ignored": "(not $tyel_ui_troubleshooting_mode)",
          "type": "image",
          "texture": "textures/ui/Black",
          "size": [ "100%c + 4px", "100%c + 4px" ],
          "anchor_from": "bottom_right",
          "anchor_to": "bottom_right",
          "offset": [ -2, -2 ],
          "alpha": 0.2,
          "controls": [
            {
              "text_stack_panel": {
                "type": "stack_panel",
                "orientation": "vertical",
                "use_child_anchors": true,
                "size": [ "100%cm", "100%c" ],
                "layer": 1,
                "propagate_alpha": true,
                "alpha": 0.6,
                "controls": [
                  {
                    "row_1": {
                      "type": "label",
                      "text": "('tyelAbout.troubleshootingMode.watermark.label_row1' + $label_type)",
                      "color": "$main_header_text_color",
                      "anchor_from": "right_middle",
                      "anchor_to": "right_middle"
                    }
                  },
                  {
                    "row_2": {
                      "type": "label",
                      "text": "('tyelAbout.troubleshootingMode.watermark.label_row2' + $label_type)",
                      "color": "$main_header_text_color",
                      "anchor_from": "right_middle",
                      "anchor_to": "right_middle"
                    }
                  }
                ]
              }
            }
          ]
        }
      }
    ]
  },

  "toast_screen_content": {
    "clips_children": false,
    "$disable_compatibility_mode_toasts|default": false,
    "factory": {
      "name": "toast_factory",
      "control_ids": {
        "chat_popup": "formfitting_chat_popup@toast_screen.formfitting_chat_popup"
      }
    },
    "modifications": [
      {
        "array_name": "controls",
        "operation": "insert_back",
        "value": [
          {
            "toast_screen_overlay_content@toast_screen.toast_screen_overlay_content": {}
          },
          {
            "toast_compatibility@tyel_comp.compatibility_mode_toast": {}
          },
          {
            "toast_global_vars_check@toast_screen.toast_global_vars_check": {}
          }
        ]
      }
    ]
  }
}