{
  "transparent_background_button@common_buttons.transparent_content_button": {
    "$default_button_texture": "",
    "$hover_button_texture": "",
    "$pressed_button_texture": "",
    "$locked_button_texture": "",
    "$pressed_button_name|default": "",
    "$hover_state_border_visible": true,
    "$pressed_state_border_visible": true
  },

  "green_text_button@common_buttons.light_text_button": {
    "$default_button_texture": "textures/ui/button_borderless_lighthover",
    "$default_text_color": "$light_button_hover_text_color"
  },

  "red_text_button@common_buttons.light_text_button": {
    "$default_button_texture": "textures/ui/button_red",
    "$pressed_button_texture": "textures/ui/button_red_pressed",
    "$default_text_color": "$light_button_hover_text_color"
  },

  "green_content_button@common_buttons.light_content_button": {
    "$default_button_texture": "textures/ui/button_borderless_lighthover",
    "$default_text_color": "$light_button_hover_text_color"
  },

  "realms_content_button@common_buttons.dark_content_button": {
    "$default_button_texture": "textures/ui/realms_button_borderless_default",
    "$hover_button_texture": "textures/ui/realms_button_borderless_hover",
    "$pressed_button_texture": "textures/ui/realms_button_borderless_hover_pressed"
  },

  "tyel_design:light_text_button@tyel_oreui_design__buttons.light_text_button": {
    "button_mappings": "$button_mappings",
    "$button_mappings|default": [
      {
        "from_button_id": "button.menu_select",
        "to_button_id": "$pressed_button_name",
        "mapping_type": "pressed"
      },
      {
        "from_button_id": "button.menu_ok",
        "to_button_id": "$pressed_button_name",
        "mapping_type": "focused"
      }
    ]
  },

  "tyel_design:red_text_button@tyel_oreui_design__buttons.red_text_button": {
    "button_mappings": "$button_mappings",
    "$button_mappings|default": [
      {
        "from_button_id": "button.menu_select",
        "to_button_id": "$pressed_button_name",
        "mapping_type": "pressed"
      },
      {
        "from_button_id": "button.menu_ok",
        "to_button_id": "$pressed_button_name",
        "mapping_type": "focused"
      }
    ]
  },

  "tyel_design:green_text_button@tyel_oreui_design__buttons.green_text_button": {
    "button_mappings": "$button_mappings",
    "$button_mappings|default": [
      {
        "from_button_id": "button.menu_select",
        "to_button_id": "$pressed_button_name",
        "mapping_type": "pressed"
      },
      {
        "from_button_id": "button.menu_ok",
        "to_button_id": "$pressed_button_name",
        "mapping_type": "focused"
      }
    ]
  },

  "tyel_design:light_content_button@tyel_oreui_design__buttons.light_content_button": {
    "button_mappings": "$button_mappings",
    "$button_mappings|default": [
      {
        "from_button_id": "button.menu_select",
        "to_button_id": "$pressed_button_name",
        "mapping_type": "pressed"
      },
      {
        "from_button_id": "button.menu_ok",
        "to_button_id": "$pressed_button_name",
        "mapping_type": "focused"
      }
    ]
  },

  "tyel_design:green_content_button@tyel_oreui_design__buttons.green_content_button": {
    "button_mappings": "$button_mappings",
    "$button_mappings|default": [
      {
        "from_button_id": "button.menu_select",
        "to_button_id": "$pressed_button_name",
        "mapping_type": "pressed"
      },
      {
        "from_button_id": "button.menu_ok",
        "to_button_id": "$pressed_button_name",
        "mapping_type": "focused"
      }
    ]
  },

  "tyel_design:light_header_content_button@tyel_oreui_design__buttons.light_header_content_button": {
    "button_mappings": "$button_mappings",
    "$button_mappings|default": [
      {
        "from_button_id": "button.menu_select",
        "to_button_id": "$pressed_button_name",
        "mapping_type": "pressed"
      },
      {
        "from_button_id": "button.menu_ok",
        "to_button_id": "$pressed_button_name",
        "mapping_type": "focused"
      }
    ]
  },

  "tyel_design:realms_content_button@tyel_oreui_design__buttons.realms_content_button": {
    "button_mappings": "$button_mappings",
    "$button_mappings|default": [
      {
        "from_button_id": "button.menu_select",
        "to_button_id": "$pressed_button_name",
        "mapping_type": "pressed"
      },
      {
        "from_button_id": "button.menu_ok",
        "to_button_id": "$pressed_button_name",
        "mapping_type": "focused"
      }
    ]
  }
}