{
  "make_backup_checkbox/header_description_stack_panel/buffer_panel/label": {
    "color": "$main_header_text_color"
  },

  "update_dimensions_dialog_content": {
    "type": "stack_panel",
    "orientation": "horizontal",
    "size": [ "100% - 4px", 127 ],
    "use_child_anchors": true,
    "controls": [
      {
        "world_upgrade_image@update_dimensions.world_upgrade": {}
      },
      {
        "padding@common.empty_panel": {
          "size": [ 8, 8 ]
        }
      },
      {
        "label_panel@update_dimensions.update_dimensions_label_panel": {
          "size": [ "fill", "100%" ]
        }
      }
    ]
  },

  "update_dimensions_screen": {
    "force_render_below": true,
    "$is_full_screen_layout": true,
    "$screen_helpers_content": "common.common_screen_helpers",
    "$screen_animations": [
      "@common.container_screen_exit_animation_push",
      "@common.container_screen_exit_animation_pop",
      "@common.container_screen_entrance_animation_push",
      "@common.container_screen_entrance_animation_pop",
      "@common.screen_exit_animation_push_fade",
      "@common.screen_exit_animation_pop_fade",
      "@common.screen_entrance_animation_push_fade",
      "@common.screen_entrance_animation_pop_fade"
    ]
  },

  "update_dimensions_screen_content": {
    "controls": [
      {
        "update_dimensions_dialog@common_dialogs.main_panel_two_buttons": {
          "size": [ 300, 242 ],
          "$text_name": "options.updateWorldHeight",
          "$description_text": "options.updateWorldHeight.message",
          "$button_size": [ "100%", 30 ],

          "$show_close_button": true,
          "$child_control": "update_dimensions.update_dimensions_dialog_content",
          "$top_button_panel": "update_dimensions.make_backup_checkbox",
          "$bottom_button_panel": "update_dimensions.update_dimensions_update_and_play_button"
        }
      }
    ]
  }
}