{
  "resource_pack_name": "vanilla",
  "texture_name": "atlas.items",
  "texture_data": {
    "super_bow": { 
      "textures":"textures/items/super_bow" 
    },
    "warden_soul": {
      "textures":"textures/items/warden_soul"
    },
    "ender_bow": {
      "textures":"textures/items/ender_bow"
    },
    "ice_sword": {
      "textures":"textures/items/ice_sword"
    },
    "dash_sword": {
      "textures":"textures/items/dash_sword"
    },
    "climbing_tool": {
      "textures":"textures/items/climbing_tool"
    },
    "invisibility_cloak": {
      "textures":"textures/items/invisibility_cloak"
    },
    "speed_boots": {
      "textures":"textures/items/speed_boots"
    },
    "moojuck": {
      "textures":"textures/items/moojuck"
    }
  }
}