{
  "format_version": "1.20.60", 
  "minecraft:attachable": { 
    "description": { 
      "identifier": "s:leather_armor", 
      "render_controllers": ["controller.render.armor"], 
      "materials": { 
        "default": "entity_alphatest", 
        "enchanted": "entity_alphatest_glint" 
      }, 
      "textures": { 
        "default": "textures/models/armor/leather_armor",
        "enchanted": "textures/misc/enchanted_item_glint",
        "iron_palette": "textures/trims/color_palettes/diamond_darker"
      }, 
      "geometry": { 
        "default": "geometry.leather_armor"
      }
    }
  }
}