{
  "format_version": "1.14.0",
  "sound_definitions": {
    "random.modal_hide": {
      "category": "ui",
      "sounds": [
        {
          "name": "sounds/random/modal_hide",
          "volume": 1,
          "load_on_low_memory": true
        }
      ]
    },
    "random.release": {
      "category": "ui",
      "sounds": [
        {
          "name": "sounds/random/release",
          "volume": 0.4,
          "load_on_low_memory": true
        }
      ]
    },
    "random.snes_pop": {
      "category": "ui",
      "sounds": [
        {
          "name": "sounds/random/snes_pop",
          "volume": 0.4,
          "load_on_low_memory": true
        }
      ]
    }
  }
}