{
   "content" : [
      {
         "path" : "textures/ui/list_layout_glyph.png"
      },
      {
         "path" : "changes.txt"
      },
      {
         "path" : ".mcattributes"
      },
      {
         "path" : "texts/fr_FR.lang"
      },
      {
         "path" : "ui/tyel_oreui_design/anims.json"
      },
      {
         "path" : "pack_icon.png"
      },
      {
         "path" : "ui/trade_screen.json"
      },
      {
         "path" : "textures/ui/tyel_oreui_design/buttons/button_borderless_redpressed.png"
      },
      {
         "path" : "subpacks/performance/ui/pocket_containers.json"
      },
      {
         "path" : "contents.json"
      },
      {
         "path" : "ui/gameplay_common.json"
      },
      {
         "path" : "sounds/sound_definitions.json"
      },
      {
         "path" : "texts/nb_NO.lang"
      },
      {
         "path" : "texts/zh_TW.lang"
      },
      {
         "path" : "manifest.json"
      },
      {
         "path" : "sounds/random/modal_hide.ogg"
      },
      {
         "path" : "texts/nl_NL.lang"
      },
      {
         "path" : "ui/tyel_modules/NRuAep5S4h7A="
      },
      {
         "path" : "README.txt"
      },
      {
         "path" : "ui/tyel_modules/I6nvvJDzEdEA="
      },
      {
         "path" : "sounds/random/release.ogg"
      },
      {
         "path" : "textures/ui/tyel_oreui_design/buttons/button_borderless_darkpressed.png"
      },
      {
         "path" : "textures/ui/arrow_up_glyph_small.png"
      },
      {
         "path" : "subpacks/vanilla_default/ui/tyel_modules/_global/subpack_settings.json"
      },
      {
         "path" : "textures/ui/tyel_oreui_design/buttons/close_button_icon.png"
      },
      {
         "path" : "subpacks/vanilla_default/ui/play_screen.json"
      },
      {
         "path" : "ui/trade_screen_pocket.json"
      },
      {
         "path" : "textures/ui/chat_visibility_burst_frame.png"
      },
      {
         "path" : "sounds/random/snes_pop.ogg"
      },
      {
         "path" : "texts/ja_JP.lang"
      },
      {
         "path" : "ui/horse_screen.json"
      },
      {
         "path" : "subpacks/vanilla_default/ui/safe_zone_screen.json"
      },
      {
         "path" : "splashes.json"
      },
      {
         "path" : "ui/tyel_modules/Q4AyEInnDr5A="
      },
      {
         "path" : "textures/ui/tyel_brewing_guide_assets/left_braced_branch.png"
      },
      {
         "path" : "texts/id_ID.lang"
      },
      {
         "path" : "texts/it_IT.lang"
      },
      {
         "path" : "ui/safe_zone_screen.json"
      },
      {
         "path" : "textures/ui/tyel_oreui_design/buttons/button_borderless_lighthover.json"
      },
      {
         "path" : "subpacks/default/empty.txt"
      },
      {
         "path" : "texts/en_US.lang"
      },
      {
         "path" : "ui/how_to_play_screen.json"
      },
      {
         "path" : "textures/ui/helper_icon_mine.png"
      },
      {
         "path" : "subpacks/vanilla_default/ui/npc_interact_screen.json"
      },
      {
         "path" : "textures/ui/tyel_oreui_design/buttons/button_borderless_red.json"
      },
      {
         "path" : "subpacks/performance/ui/tyel_modules/fJPyuAc0zZsA="
      },
      {
         "path" : "ui/store_inventory_screen.json"
      },
      {
         "path" : "textures/ui/chat_autocomplete.png"
      },
      {
         "path" : "subpacks/performance/ui/tyel_modules/_global/subpack_settings.json"
      },
      {
         "path" : "subpacks/ultra_mode/ui/tyel_modules/_global/subpack_settings.json"
      },
      {
         "path" : "texts/ru_RU.lang"
      },
      {
         "path" : "subpacks/vanilla_default/ui/popup_dialog.json"
      },
      {
         "path" : "textures/ui/player_online_glyph.png"
      },
      {
         "path" : "subpacks/vanilla_default/ui/ui_template_dialogs.json"
      },
      {
         "path" : "textures/ui/auto_place_glyph.png"
      },
      {
         "path" : "subpacks/vanilla_default/ui/ui_template_buttons.json"
      },
      {
         "path" : "texts/de_DE.lang"
      },
      {
         "path" : "texts/ar_AR.lang"
      },
      {
         "path" : "texts/bg_BG.lang"
      },
      {
         "path" : "texts/vi_VN.lang"
      },
      {
         "path" : "ui/pack_settings_screen.json"
      },
      {
         "path" : "texts/cs_CZ.lang"
      },
      {
         "path" : "texts/pt_PT.lang"
      },
      {
         "path" : "textures/ui/tyel_oreui_design/buttons/button_borderless_realms.json"
      },
      {
         "path" : "texts/da_DK.lang"
      },
      {
         "path" : "ui/redstone_screen.json"
      },
      {
         "path" : "texts/fi_FI.lang"
      },
      {
         "path" : "texts/el_GR.lang"
      },
      {
         "path" : "texts/en_base.lang"
      },
      {
         "path" : "texts/fr_CA.lang"
      },
      {
         "path" : "textures/textures_list.json"
      },
      {
         "path" : "texts/en_GB.lang"
      },
      {
         "path" : "ui/pause_screen.json"
      },
      {
         "path" : "texts/es_ES.lang"
      },
      {
         "path" : "textures/ui/arrow_up_white.png"
      },
      {
         "path" : "texts/pl_PL.lang"
      },
      {
         "path" : "texts/es_MX.lang"
      },
      {
         "path" : "texts/hu_HU.lang"
      },
      {
         "path" : "textures/ui/arrow_right_glyph_small.png"
      },
      {
         "path" : "texts/ko_KR.lang"
      },
      {
         "path" : "ui/tyel_modules/faU7elQGh7eA="
      },
      {
         "path" : "texts/pt_BR.lang"
      },
      {
         "path" : "texts/tr_TR.lang"
      },
      {
         "path" : "ui/ui_template_toggles.json"
      },
      {
         "path" : "textures/ui/tyel_oreui_design/buttons/back_button_icon.png"
      },
      {
         "path" : "texts/sk_SK.lang"
      },
      {
         "path" : "ui/tyel_modules/Io2x5Y68a7QA="
      },
      {
         "path" : "textures/ui/tyel_oreui_design/buttons/button_borderless_redpressed.json"
      },
      {
         "path" : "texts/sv_SE.lang"
      },
      {
         "path" : "textures/ui/pocket_container_move_from.png"
      },
      {
         "path" : "texts/uk_UA.lang"
      },
      {
         "path" : "texts/zh_CN.lang"
      },
      {
         "path" : "textures/custom_panorama.png"
      },
      {
         "path" : "textures/ui/arrowUp.png"
      },
      {
         "path" : "textures/ui/arrow_down_glyph_small.png"
      },
      {
         "path" : "textures/ui/arrow_down_white.png"
      },
      {
         "path" : "textures/ui/auto_place_glyph_horizontal.png"
      },
      {
         "path" : "textures/ui/chat_autocompleteback.png"
      },
      {
         "path" : "ui/tyel_modules/ppFLZi6tHSKA="
      },
      {
         "path" : "textures/ui/chat_next.png"
      },
      {
         "path" : "textures/ui/chat_previous.png"
      },
      {
         "path" : "textures/ui/helper_icon_draw.png"
      },
      {
         "path" : "textures/ui/container_clear_cross_overlay.png"
      },
      {
         "path" : "textures/ui/container_clear_hotbar_background.png"
      },
      {
         "path" : "textures/ui/container_clear_inventory_background.png"
      },
      {
         "path" : "textures/ui/container_drop_icon.png"
      },
      {
         "path" : "ui/tyel_modules/_common/ui_validation.json"
      },
      {
         "path" : "textures/ui/helper_icon_hit.png"
      },
      {
         "path" : "textures/ui/container_move_from.png"
      },
      {
         "path" : "ui/grindstone_screen_pocket.json"
      },
      {
         "path" : "textures/ui/container_move_to.png"
      },
      {
         "path" : "textures/ui/drop_glyph.png"
      },
      {
         "path" : "ui/loom_screen_pocket.json"
      },
      {
         "path" : "textures/ui/eye_closed_glyph.png"
      },
      {
         "path" : "textures/ui/tyel_oreui_design/buttons/button_borderless_green.json"
      },
      {
         "path" : "textures/ui/eye_opened_glyph.png"
      },
      {
         "path" : "textures/ui/tyel_brewing_guide_assets/horizontal_line.json"
      },
      {
         "path" : "textures/ui/screen_ruler/vertical_ruler.png"
      },
      {
         "path" : "textures/ui/filter_glyph_small.png"
      },
      {
         "path" : "ui/toast_screen.json"
      },
      {
         "path" : "textures/ui/grid_layout_glyph.png"
      },
      {
         "path" : "ui/settings_screen.json"
      },
      {
         "path" : "textures/ui/hud_toggles_button_icon.png"
      },
      {
         "path" : "textures/ui/hud_toggles_hide_hud.png"
      },
      {
         "path" : "textures/ui/hud_toggles_hive_xp_calc.png"
      },
      {
         "path" : "textures/ui/hud_toggles_sb_list.png"
      },
      {
         "path" : "textures/ui/hud_toggles_sb_sidebar.png"
      },
      {
         "path" : "textures/ui/tyel_oreui_design/dialogs/dialog_background_header.png"
      },
      {
         "path" : "textures/ui/item_highlighter_icon_burst.png"
      },
      {
         "path" : "textures/ui/magnifying_glass_glyph.png"
      },
      {
         "path" : "ui/csb_sections/csb_view_packs_screen.json"
      },
      {
         "path" : "textures/ui/menu_threedots.png"
      },
      {
         "path" : "ui/tyel_modules/_global/compatibility_mode.json"
      },
      {
         "path" : "textures/ui/tyel_oreui_design/buttons/button_borderless_greenpressed.json"
      },
      {
         "path" : "textures/ui/pack_rank_icon.png"
      },
      {
         "path" : "textures/ui/parse_icon.png"
      },
      {
         "path" : "textures/ui/tyel_badge_bg.png"
      },
      {
         "path" : "textures/ui/permissions_custom.png"
      },
      {
         "path" : "textures/ui/player_online_icon.png"
      },
      {
         "path" : "textures/ui/permissions_member.png"
      },
      {
         "path" : "ui/stonecutter_screen_pocket.json"
      },
      {
         "path" : "textures/ui/permissions_op.png"
      },
      {
         "path" : "textures/ui/permissions_visitor.png"
      },
      {
         "path" : "textures/ui/Ping_Pinging.png"
      },
      {
         "path" : "textures/ui/player_online_glyph_no_dot.png"
      },
      {
         "path" : "textures/ui/player_online_green_dot.png"
      },
      {
         "path" : "textures/ui/pocket_container_move_to.png"
      },
      {
         "path" : "textures/ui/screen_ruler/horizontal_ruler.png"
      },
      {
         "path" : "textures/ui/screen_ruler/horizontal_ruler_left.png"
      },
      {
         "path" : "ui/profile_card.json"
      },
      {
         "path" : "textures/ui/screen_ruler/horizontal_ruler_right.png"
      },
      {
         "path" : "ui/tyel_modules/6Mk0C5hkWdxA="
      },
      {
         "path" : "textures/ui/screen_ruler/vertical_ruler_bottom.png"
      },
      {
         "path" : "textures/ui/screen_ruler/vertical_ruler_top.png"
      },
      {
         "path" : "textures/ui/server_icons/cubecraft.png"
      },
      {
         "path" : "textures/ui/server_icons/enchanted_dragons.png"
      },
      {
         "path" : "textures/ui/server_icons/galaxite.png"
      },
      {
         "path" : "textures/ui/server_icons/hive_bedrock.png"
      },
      {
         "path" : "textures/ui/server_icons/hive_bedrock_nobg.png"
      },
      {
         "path" : "ui/ui_template_dialogs.json"
      },
      {
         "path" : "textures/ui/tyel_oreui_design/misc/colored_category_outline_right.png"
      },
      {
         "path" : "textures/ui/server_icons/lifeboat.png"
      },
      {
         "path" : "ui/smithing_table_2_screen.json"
      },
      {
         "path" : "textures/ui/server_icons/nethergames.png"
      },
      {
         "path" : "textures/ui/server_icons/zeqa.png"
      },
      {
         "path" : "textures/ui/trading_badge_tier_1.png"
      },
      {
         "path" : "textures/ui/tyel_brewing_guide_assets/curved_line_down_right.png"
      },
      {
         "path" : "textures/ui/trading_badge_tier_2.png"
      },
      {
         "path" : "ui/trade_2_screen.json"
      },
      {
         "path" : "textures/ui/tyel_oreui_design/buttons/button_borderless_lightpressednohover.json"
      },
      {
         "path" : "textures/ui/trading_badge_tier_3.png"
      },
      {
         "path" : "textures/ui/trading_badge_tier_4.png"
      },
      {
         "path" : "ui/tyel_modules/_common/ui_validation_core.json"
      },
      {
         "path" : "textures/ui/trading_badge_tier_5.png"
      },
      {
         "path" : "textures/ui/tyel_about_icon.png"
      },
      {
         "path" : "textures/ui/tyel_badge_checked.png"
      },
      {
         "path" : "ui/tyel_modules/_global/subpack_settings.json"
      },
      {
         "path" : "textures/ui/tyel_brewing_guide_assets/arrow_down.png"
      },
      {
         "path" : "textures/ui/tyel_brewing_guide_assets/arrow_left.png"
      },
      {
         "path" : "textures/ui/tyel_brewing_guide_assets/arrow_right.png"
      },
      {
         "path" : "ui/progress_screen.json"
      },
      {
         "path" : "textures/ui/tyel_brewing_guide_assets/arrow_up.png"
      },
      {
         "path" : "Ty-el Theme Instructions.txt"
      },
      {
         "path" : "textures/ui/tyel_brewing_guide_assets/curved_line_down_left.png"
      },
      {
         "path" : "ui/tyel_modules/misc/auto_place.json"
      },
      {
         "path" : "ui/settings_sections/general_section.json"
      },
      {
         "path" : "textures/ui/tyel_brewing_guide_assets/curved_line_up_left.png"
      },
      {
         "path" : "ui/settings_sections/quick_settings_section.json"
      },
      {
         "path" : "textures/ui/tyel_brewing_guide_assets/curved_line_up_right.png"
      },
      {
         "path" : "textures/ui/tyel_brewing_guide_assets/entry_curved_line.png"
      },
      {
         "path" : "textures/ui/tyel_brewing_guide_assets/horizontal_line.png"
      },
      {
         "path" : "textures/ui/tyel_brewing_guide_assets/horizontal_line_dotted.png"
      },
      {
         "path" : "textures/ui/tyel_brewing_guide_assets/plus_sign.png"
      },
      {
         "path" : "ui/tyel_modules/pSOJqrnjwQwA="
      },
      {
         "path" : "ui/pocket_containers.json"
      },
      {
         "path" : "textures/ui/tyel_brewing_guide_assets/vertical_line.json"
      },
      {
         "path" : "textures/ui/tyel_brewing_guide_assets/vertical_line.png"
      },
      {
         "path" : "ui/store_item_list_screen.json"
      },
      {
         "path" : "textures/ui/tyel_brewing_guide_assets/vertical_line_dotted.png"
      },
      {
         "path" : "textures/ui/tyel_oreui_design/buttons/button_borderless_dark.json"
      },
      {
         "path" : "textures/ui/tyel_oreui_design/buttons/button_borderless_dark.png"
      },
      {
         "path" : "ui/store_filter_menu_screen.json"
      },
      {
         "path" : "textures/ui/tyel_oreui_design/buttons/button_borderless_darkhover.json"
      },
      {
         "path" : "textures/ui/tyel_oreui_design/buttons/button_borderless_darkhover.png"
      },
      {
         "path" : "ui/tyel_modules/HqljhJBFiiqA="
      },
      {
         "path" : "textures/ui/tyel_oreui_design/buttons/button_borderless_darkpressed.json"
      },
      {
         "path" : "textures/ui/tyel_oreui_design/misc/colored_category_inverted_block_left.json"
      },
      {
         "path" : "textures/ui/tyel_oreui_design/buttons/button_borderless_darkpressednohover.json"
      },
      {
         "path" : "ui/world_templates_screen.json"
      },
      {
         "path" : "ui/tyel_modules/T4TYkzva1s5A="
      },
      {
         "path" : "textures/ui/tyel_oreui_design/misc/colored_category_inverted_block_left.png"
      },
      {
         "path" : "textures/ui/tyel_oreui_design/buttons/button_borderless_darkpressednohover.png"
      },
      {
         "path" : "textures/ui/tyel_oreui_design/buttons/button_borderless_green.png"
      },
      {
         "path" : "textures/ui/tyel_oreui_design/buttons/button_borderless_greenhover.json"
      },
      {
         "path" : "textures/ui/tyel_oreui_design/buttons/button_borderless_greenhover.png"
      },
      {
         "path" : "ui/csb_sections/csb_upsell_dialog.json"
      },
      {
         "path" : "textures/ui/tyel_oreui_design/buttons/button_borderless_greenpressed.png"
      },
      {
         "path" : "ui/storage_management.json"
      },
      {
         "path" : "textures/ui/tyel_oreui_design/buttons/button_borderless_light.json"
      },
      {
         "path" : "textures/ui/tyel_oreui_design/buttons/button_borderless_light.png"
      },
      {
         "path" : "textures/ui/tyel_oreui_design/buttons/button_borderless_lighthover.png"
      },
      {
         "path" : "textures/ui/tyel_oreui_design/buttons/button_borderless_lightpressed.json"
      },
      {
         "path" : "textures/ui/tyel_oreui_design/buttons/button_borderless_lightpressed.png"
      },
      {
         "path" : "ui/play_screen.json"
      },
      {
         "path" : "textures/ui/tyel_oreui_design/buttons/button_borderless_lightpressednohover.png"
      },
      {
         "path" : "ui/persona_pieces_filter_menu_screen.json"
      },
      {
         "path" : "textures/ui/tyel_oreui_design/buttons/button_borderless_realms.png"
      },
      {
         "path" : "textures/ui/tyel_oreui_design/buttons/button_borderless_realmshover.json"
      },
      {
         "path" : "ui/jigsaw_editor_screen.json"
      },
      {
         "path" : "textures/ui/tyel_oreui_design/buttons/minimize_button_icon.png"
      },
      {
         "path" : "textures/ui/tyel_oreui_design/buttons/button_borderless_realmshover.png"
      },
      {
         "path" : "textures/ui/tyel_oreui_design/buttons/button_borderless_realmspressed.json"
      },
      {
         "path" : "textures/ui/tyel_oreui_design/buttons/button_borderless_realmspressed.png"
      },
      {
         "path" : "textures/ui/tyel_oreui_design/buttons/button_borderless_red.png"
      },
      {
         "path" : "textures/ui/tyel_oreui_design/buttons/button_borderless_redhover.json"
      },
      {
         "path" : "textures/ui/tyel_oreui_design/buttons/button_borderless_redhover.png"
      },
      {
         "path" : "ui/tyel_modules/G06ScPnULfhA="
      },
      {
         "path" : "ui/gamepad_disconnected.json"
      },
      {
         "path" : "textures/ui/tyel_oreui_design/buttons/button_header_light.json"
      },
      {
         "path" : "textures/ui/tyel_oreui_design/buttons/button_header_light.png"
      },
      {
         "path" : "ui/_pause_world_title.json"
      },
      {
         "path" : "ui/sidebar_navigation.json"
      },
      {
         "path" : "textures/ui/tyel_oreui_design/buttons/button_header_lighthover.json"
      },
      {
         "path" : "textures/ui/tyel_oreui_design/buttons/button_header_lighthover.png"
      },
      {
         "path" : "textures/ui/tyel_oreui_design/buttons/button_header_lightpressed.json"
      },
      {
         "path" : "ui/book_screen.json"
      },
      {
         "path" : "textures/ui/tyel_oreui_design/buttons/button_header_lightpressed.png"
      },
      {
         "path" : "textures/ui/tyel_oreui_design/dialogs/dialog_background.json"
      },
      {
         "path" : "ui/_ui_defs.json"
      },
      {
         "path" : "textures/ui/tyel_oreui_design/dialogs/dialog_background.png"
      },
      {
         "path" : "ui/tyel_modules/X3ISkzrYV6oA="
      },
      {
         "path" : "textures/ui/tyel_oreui_design/dialogs/dialog_background_footer.json"
      },
      {
         "path" : "textures/ui/tyel_oreui_design/dialogs/dialog_background_footer.png"
      },
      {
         "path" : "ui/tyel_modules/ClfcpxrkrcXA="
      },
      {
         "path" : "ui/realms_pending_invitations.json"
      },
      {
         "path" : "ui/popup_dialog.json"
      },
      {
         "path" : "textures/ui/tyel_oreui_design/dialogs/dialog_background_header.json"
      },
      {
         "path" : "textures/ui/tyel_oreui_design/dialogs/dialog_background_light_opaque.json"
      },
      {
         "path" : "textures/ui/tyel_oreui_design/dialogs/dialog_background_light_opaque.png"
      },
      {
         "path" : "textures/ui/tyel_oreui_design/misc/colored_category_block_left.json"
      },
      {
         "path" : "ui/tyel_modules/pZZz4Izx3EUA="
      },
      {
         "path" : "ui/settings_sections/world_section.json"
      },
      {
         "path" : "textures/ui/tyel_oreui_design/misc/colored_category_block_left.png"
      },
      {
         "path" : "textures/ui/tyel_oreui_design/misc/colored_category_block_right.json"
      },
      {
         "path" : "ui/win10_trial_conversion_screen.json"
      },
      {
         "path" : "textures/ui/tyel_oreui_design/misc/colored_category_block_right.png"
      },
      {
         "path" : "textures/ui/tyel_oreui_design/misc/colored_category_inverted_outline_left.json"
      },
      {
         "path" : "textures/ui/tyel_oreui_design/misc/colored_category_inverted_outline_left.png"
      },
      {
         "path" : "textures/ui/tyel_oreui_design/misc/colored_category_outline_left.json"
      },
      {
         "path" : "textures/ui/tyel_oreui_design/misc/colored_category_outline_left.png"
      },
      {
         "path" : "textures/ui/tyel_oreui_design/misc/colored_category_outline_right.json"
      },
      {
         "path" : "textures/ui/tyel_oreui_design/misc/header_separator.json"
      },
      {
         "path" : "textures/ui/tyel_oreui_design/misc/header_separator.png"
      },
      {
         "path" : "textures/ui/tyel_oreui_design/misc/helper_background.json"
      },
      {
         "path" : "ui/how_to_play_common.json"
      },
      {
         "path" : "textures/ui/tyel_oreui_design/misc/helper_background.png"
      },
      {
         "path" : "textures/ui/tyel_oreui_design/misc/snackbar_background.json"
      },
      {
         "path" : "ui/tyel_oreui_design/dialogs.json"
      },
      {
         "path" : "ui/realmsPlus_sections/realmsPlus_view_packs_screen.json"
      },
      {
         "path" : "textures/ui/tyel_oreui_design/misc/snackbar_background.png"
      },
      {
         "path" : "tyel_logo_signed.png"
      },
      {
         "path" : "tyel_ui_metadata.json"
      },
      {
         "path" : "ui/add_external_server_screen.json"
      },
      {
         "path" : "ui/ui_template_buttons.json"
      },
      {
         "path" : "ui/anvil_screen.json"
      },
      {
         "path" : "ui/anvil_screen_pocket.json"
      },
      {
         "path" : "ui/beacon_screen.json"
      },
      {
         "path" : "ui/beacon_screen_pocket.json"
      },
      {
         "path" : "ui/brewing_stand_screen.json"
      },
      {
         "path" : "ui/brewing_stand_screen_pocket.json"
      },
      {
         "path" : "ui/tyel_modules/gheR66ViP03A="
      },
      {
         "path" : "ui/cartography_screen.json"
      },
      {
         "path" : "ui/persona_common.json"
      },
      {
         "path" : "ui/cartography_screen_pocket.json"
      },
      {
         "path" : "ui/chat_screen.json"
      },
      {
         "path" : "ui/chat_settings_menu_screen.json"
      },
      {
         "path" : "ui/chest_screen.json"
      },
      {
         "path" : "ui/coin_purchase_screen.json"
      },
      {
         "path" : "ui/command_block_screen.json"
      },
      {
         "path" : "ui/content_log.json"
      },
      {
         "path" : "ui/content_log_history_filter_menu_screen.json"
      },
      {
         "path" : "ui/content_log_history_screen.json"
      },
      {
         "path" : "ui/crafter_screen_pocket.json"
      },
      {
         "path" : "ui/create_world_upsell_screen.json"
      },
      {
         "path" : "ui/credits_screen.json"
      },
      {
         "path" : "ui/csb_screen.json"
      },
      {
         "path" : "ui/scoreboards.json"
      },
      {
         "path" : "ui/csb_sections/csb_subscription_panel.json"
      },
      {
         "path" : "ui/debug_screen.json"
      },
      {
         "path" : "ui/smithing_table_screen.json"
      },
      {
         "path" : "ui/disconnect_screen.json"
      },
      {
         "path" : "ui/display_logged_error_screen.json"
      },
      {
         "path" : "ui/tyel_modules/9qZuwhT7aDRA="
      },
      {
         "path" : "ui/emote_wheel_screen.json"
      },
      {
         "path" : "ui/skin_pack_purchase_screen.json"
      },
      {
         "path" : "ui/enchanting_screen.json"
      },
      {
         "path" : "ui/enchanting_screen_pocket.json"
      },
      {
         "path" : "ui/file_upload_screen.json"
      },
      {
         "path" : "ui/furnace_screen.json"
      },
      {
         "path" : "ui/furnace_screen_pocket.json"
      },
      {
         "path" : "ui/gathering_info_screen.json"
      },
      {
         "path" : "ui/grindstone_screen.json"
      },
      {
         "path" : "ui/horse_screen_pocket.json"
      },
      {
         "path" : "ui/host_options_screen.json"
      },
      {
         "path" : "ui/ui_common.json"
      },
      {
         "path" : "ui/hud_screen.json"
      },
      {
         "path" : "ui/inventory_screen.json"
      },
      {
         "path" : "ui/tyel_modules/B2j4YrG9H15A="
      },
      {
         "path" : "ui/inventory_screen_pocket.json"
      },
      {
         "path" : "ui/invite_screen.json"
      },
      {
         "path" : "ui/in_bed_screen.json"
      },
      {
         "path" : "ui/loom_screen.json"
      },
      {
         "path" : "ui/manifest_validation_screen.json"
      },
      {
         "path" : "ui/tyel_modules/o3XDLfMmBoyA="
      },
      {
         "path" : "ui/mob_effect_screen.json"
      },
      {
         "path" : "ui/npc_interact_screen.json"
      },
      {
         "path" : "ui/online_safety_screen.json"
      },
      {
         "path" : "ui/patch_notes_screen.json"
      },
      {
         "path" : "ui/pdp_screen.json"
      },
      {
         "path" : "ui/tyel_modules/fJPyuAc0zZsA="
      },
      {
         "path" : "ui/pdp_screenshots_section.json"
      },
      {
         "path" : "ui/permissions_screen.json"
      },
      {
         "path" : "ui/persona_cast_character_screen.json"
      },
      {
         "path" : "ui/persona_screen.json"
      },
      {
         "path" : "ui/profile_screen.json"
      },
      {
         "path" : "ui/realmsPlus_screen.json"
      },
      {
         "path" : "ui/resource_packs_screen.json"
      },
      {
         "path" : "ui/server_form.json"
      },
      {
         "path" : "ui/settings_sections/controls_section.json"
      },
      {
         "path" : "ui/tyel_oreui_design/toggles.json"
      },
      {
         "path" : "ui/settings_sections/realms_world_section.json"
      },
      {
         "path" : "ui/settings_sections/settings_common.json"
      },
      {
         "path" : "ui/sign_screen.json"
      },
      {
         "path" : "ui/smithing_table_2_screen_pocket.json"
      },
      {
         "path" : "ui/smithing_table_screen_pocket.json"
      },
      {
         "path" : "ui/start_screen.json"
      },
      {
         "path" : "ui/stonecutter_screen.json"
      },
      {
         "path" : "ui/store_common.json"
      },
      {
         "path" : "ui/store_data_driven_screen.json"
      },
      {
         "path" : "ui/store_sort_menu_screen.json"
      },
      {
         "path" : "ui/structure_editor_screen.json"
      },
      {
         "path" : "ui/tyel_oreui_design/misc.json"
      },
      {
         "path" : "ui/submit_feedback_screen.json"
      },
      {
         "path" : "ui/tyel_modules/onorIYSARguA="
      },
      {
         "path" : "ui/tabbed_upsell_screen.json"
      },
      {
         "path" : "ui/trade_2_screen_pocket.json"
      },
      {
         "path" : "ui/tyel_lib/item_ids.json"
      },
      {
         "path" : "ui/tyel_modules/93VArWMhrgjA="
      },
      {
         "path" : "ui/tyel_modules/9B29dwpG1kkA="
      },
      {
         "path" : "ui/tyel_modules/KUzkbeKndQwA="
      },
      {
         "path" : "ui/tyel_modules/about/about_common.json"
      },
      {
         "path" : "ui/tyel_modules/about/about_screen.json"
      },
      {
         "path" : "ui/tyel_modules/BRq49XMXRk6A="
      },
      {
         "path" : "ui/tyel_modules/c1fTXZC4dlKA="
      },
      {
         "path" : "ui/tyel_modules/D5QeVnuAj9XA="
      },
      {
         "path" : "ui/tyel_modules/e1vHZL7IAV8A="
      },
      {
         "path" : "ui/tyel_modules/e4HYJ1EXMP5A="
      },
      {
         "path" : "ui/tyel_modules/E7P4B3OUYxuA="
      },
      {
         "path" : "ui/tyel_modules/f0Scka1uPt9A="
      },
      {
         "path" : "ui/tyel_modules/JDRYBcDnl6MA="
      },
      {
         "path" : "ui/tyel_modules/juUoomi4DrfA="
      },
      {
         "path" : "ui/tyel_modules/KdadVP7iihzA="
      },
      {
         "path" : "ui/tyel_modules/LuRAcZV5nTcA="
      },
      {
         "path" : "ui/tyel_modules/mjrQ900BlgzA="
      },
      {
         "path" : "ui/tyel_modules/QnJsWdL2cFAA="
      },
      {
         "path" : "ui/tyel_modules/sOJcSJkfJ9gA="
      },
      {
         "path" : "ui/tyel_modules/SzTNADc90hrA="
      },
      {
         "path" : "ui/tyel_modules/tEKmnERluzbA="
      },
      {
         "path" : "ui/tyel_modules/TpAufxe0V8EA="
      },
      {
         "path" : "ui/tyel_modules/XYs3L3coWkYA="
      },
      {
         "path" : "ui/tyel_modules/3BqKhe69KpnA="
      },
      {
         "path" : "ui/tyel_oreui_design/buttons.json"
      },
      {
         "path" : "ui/ui_template_tabs.json"
      },
      {
         "path" : "ui/update_dimensions.json"
      },
      {
         "path" : "ui/_global_variables.json"
      },
      {
         "path" : "ui/_tyel_theme_template.json"
      }
   ],
   "version" : 1
}
