{
	"namespace": "brewing_stand_pocket",

	"brewing_stand_panel": {
		"modifications": [
			{
				"array_name": "controls",
				"operation": "insert_back",
				"value": {
					"brewing_modifiers_panel@bt_brewing_guide.brewing_modifiers_panel": {
						"offset": ["2.85%", "-24.5%"]
					}
				}
			},
			{
				"array_name": "controls",
				"operation": "insert_back",
				"value": {
					"brewing_ingredients_panel@bt_brewing_guide.brewing_ingredients_panel": {
						"offset": ["8%", "22%"]
					}
				}
			}
		]
	},

	"brewing_stand_contents_panel": {
		"modifications": [
			{
				"control_name": "slots_panel",
				"operation": "remove",
				"where": {
					"offset": [-5, -10]
				}
			},
			{
				"array_name": "controls",
				"operation": "insert_back",
				"value": [
					{
						"slots_panel@slots_panel": {
							"offset": [15, -10]
						}
					}
				]
			}
		]
	}
}
