{"namespace":"trade2","tier_stack_panel":{"modifications":[{"array_name":"bindings","operation":"remove","where":{"binding_name":"#tier_visible"}}]},"hover_button":{"modifications":[{"array_name":"bindings","operation":"remove","where":{"binding_name":"(not #using_touch)"}}]},"top_half_stack_panel/how_to_play_button_holder":{"modifications":[{"control_name":"how_to_play_button","operation":"remove"}]},"trade_icons@trade2.toggle_content":{"offset":[0,4],"$template_toggle":"trade2.toggle_content","layer":11},"trade_toggle_holder":{"size":["100%","60%c - 1px"],"modifications":[{"array_name":"controls","operation":"insert_back","value":[{"trade_icons@trade2.trade_icons":{"anchor_to":"top_middle","anchor_from":"top_middle"}}]}]}}