{"namespace":"trade2_pocket","toggle_content":{"orientation":"horizontal","controls":[{"padding_1":{"size":["fill",0],"type":"panel"}},{"trade_item_1@trade2.trade_item_1":{"layer":2}},{"padding_2":{"size":[2,0],"type":"panel"}},{"padding_2_extra":{"size":[10,0],"type":"panel","bindings":[{"binding_type":"collection_details"},{"binding_name_override":"#visible","binding_name":"(not #padding_around_sell_item)"}]}},{"trade_item_2@trade2.trade_item_2":{"layer":2}},{"padding_3":{"size":[2,0],"type":"panel"}},{"padding_3_extra":{"size":[6,0],"type":"panel","bindings":[{"binding_type":"collection_details"},{"binding_name_override":"#visible","binding_name":"(not #padding_around_sell_item)"}]}},{"arrow_holder@trade2.arrow_holder":{"inherit_max_sibling_height":true}},{"padding_4":{"size":[2,0],"type":"panel"}},{"sell_item_holder":{"controls":[{"sell_item@trade2.sell_item":{}}],"size":["200%c","100%c"],"type":"panel","layer":2,"bindings":[{"binding_type":"collection_details"},{"binding_name_override":"#visible","binding_name":"#padding_around_sell_item"}]}},{"sell_item_holder_with_less_padding":{"controls":[{"sell_item@trade2.sell_item":{}}],"size":["150%c","100%c"],"type":"panel","layer":2,"bindings":[{"binding_type":"collection_details"},{"binding_name_override":"#visible","binding_name":"(not #padding_around_sell_item)"}]}},{"padding_5":{"size":["fill",0],"type":"panel"}}],"size":["100%","100%cm"],"type":"stack_panel"},"trade_and_help_buttons/how_to_play_button_holder":{"modifications":[{"control_name":"how_to_play_button","operation":"remove"}]}}