{
	"format_version": "1.8.0",
	"animations": {
		"animation.marsupial_rat.walk": {
			"loop": true,
			"animation_length": 0.5,
			"bones": {
				"rightleg": {
					"rotation": {
						"0.0": [27.5, 0, 0],
						"0.25": [-35, 0, 0],
						"0.5": [27.5, 0, 0]
					}
				},
				"rightarm": {
					"rotation": {
						"0.0": [-22.5, 0, 0],
						"0.25": [0, 0, 0],
						"0.5": [-22.5, 0, 0]
					}
				},
				"leftarm": {
					"rotation": {
						"0.0": [0, 0, 0],
						"0.25": [-22.5, 0, 0],
						"0.5": [0, 0, 0]
					}
				},
				"leftleg": {
					"rotation": {
						"0.0": [-35, 0, 0],
						"0.25": [27.5, 0, 0],
						"0.5": [-35, 0, 0]
					}
				}
			}
		}
	}
}