{
  "keymapping_item/keymapping_button_1": {
    "size": [ "10% + 1px", "100% - 4px" ]
  },

  "hardcoded_keymapping_item": {
    "type": "stack_panel",
    "orientation": "horizontal",
    "layer": 1,
    "size": [ "100%", 35 ],
    "$keymapping_name|default": "",
    "$keymapping_button_text|default": "",
    "controls": [
      {
        "option_info_label_control": {
          "type": "image",
          "texture": "textures/ui/text_label_box",
          "size": [ "fill", "100% - 4px" ],
          "anchor_from": "top_left",
          "anchor_to": "top_left",
          "controls": [
            {
              "keymapping_label_control": {
                "type": "label",
                "color": "$generic_button_text_color",
                "size": [ "100% - 4px", "default" ],
                "text_alignment": "center",
                "layer": 1,
                "text": "$keymapping_name"
              }
            }
          ]
        }
      },
      {
        "keymapping_button_0@common_buttons.light_content_button": {
          "$pressed_button_name": "button.ignore_me",
          "$button_content": "controls_section.hardcoded_button_content",
          "size": [ "50% + 2px", "100% - 4px" ]
        }
      }
    ]
  },

  "hardcoded_button_content@common_buttons.button_content_panel": {
    "$label_control|default": "controls_section.hardcoded_button_content_label",
    "controls": [
      {
        "default_label@$label_control": {}
      }
    ]
  },

  "hardcoded_button_content_label@common.new_button_label": {
    "text": "$keymapping_button_text"
  },

  "hardcoded_show_content_log_gui_keymapping_label@common.vertical_stack_panel": {
    "use_child_anchors": true,
    "size": [ "100%cm", "100%c" ],
    "controls": [
      {
        "main@common.horizontal_stack_panel": {
          "size": [ "100%c", "100%cm" ],
          "controls": [
            {
              "ctrl@controls_section.hardcoded_button_content_label": {
                "text": "keyboard.keyName.control.short"
              }
            },
            {
              "padding_0@common.empty_panel": {
                "size": [ 4, 0 ]
              }
            },
            {
              "plus@controls_section.hardcoded_button_content_label": {
                "text": "+",
                "localize": false
              }
            },
            {
              "padding_1@common.empty_panel": {
                "size": [ 4, 0 ]
              }
            },
            {
              "h@controls_section.hardcoded_button_content_label": {
                "text": "keyboard.keyName.h"
              }
            }
          ]
        }
      },
      {
        "disabled_label@controls_section.hardcoded_button_content_label": {
          "text": "key.showContentLogGUI.disabledTag",
          "bindings": [
            {
              "binding_name": "(not #content_log_gui_option_enabled)",
              "binding_name_override": "#visible"
            }
          ]
        }
      }
    ]
  },

  "hardcoded_keymapping_stack": {
    "type": "stack_panel",
    "orientation": "vertical",
    "size": [ "100%", "100%c" ],
    "controls": [
      {
        "option_group_label@settings_common.option_group_label": {
          "$text": "options.hardcoded_keybinds_section"
        }
      },
      {
        "peek_scoreboard_list_and_hud_toggles_for_tyel_ui@controls_section.hardcoded_keymapping_item": {
          "$keymapping_name": "key.peekListAndHUDTogglesForTyelUI",
          "$keymapping_button_text": "keyboard.keyName.tab"
        }
      },
      {
        "toggle_hud@controls_section.hardcoded_keymapping_item": {
          "$keymapping_name": "key.toggleHUD",
          "$keymapping_button_text": "keyboard.keyName.f1"
        }
      },
      {
        "toggle_paper_doll@controls_section.hardcoded_keymapping_item": {
          "$keymapping_name": "key.togglePaperDoll",
          "$keymapping_button_text": "keyboard.keyName.f8"
        }
      },
      {
        "show_content_log_gui@controls_section.hardcoded_keymapping_item": {
          "$keymapping_name": "key.showContentLogGUI",
          "$label_control": "controls_section.hardcoded_show_content_log_gui_keymapping_label",
          "$button_bindings": [
            {
              "binding_name": "#content_log_gui_option_enabled",
              "binding_name_override": "#enabled"
            }
          ]
        }
      },
      {
        "toggle_graphics_mode@controls_section.hardcoded_keymapping_item": {
          "$keymapping_name": "key.toggleGraphicsMode",
          "$keymapping_button_text": "keyboard.keyName.semicolon.short"
        }
      }
    ]
  },

  "keyboard_and_mouse_section": {
    "modifications": [
      {
        "control_name": "reset_button",
        "operation": "insert_before",
        "value": [
          {
            "hardcoded_keymapping_stack@controls_section.hardcoded_keymapping_stack": {}
          }
        ]
      }
    ]
  },

  "touch_section": {
    "$use_button_mode": true
  },

  "touch_section/common_touch_settings/control_scheme_section/image_and_button/images": {
    "size": [ "39%", "50%x" ],
    "modifications": [
      {
        "array_name": "controls",
        "operation": "insert_back",
        "value": [
          {
            "touch_control_scheme_info_tooltip@controls_section.touch_control_scheme_info_tooltip_button": {}
          }
        ]
      }
    ]
  },

  "touch_section/common_touch_settings/control_scheme_section/image_and_button/scheme_button_section": {
    "size": [ "fill", "100%sm" ],
    "modifications": [
      {
        "array_name": "controls",
        "operation": "insert_back",
        "value": [
          {
            "select_control_mode@settings_common.action_button": {
              "$pressed_button_name": "button.select_control_mode",
              "$button_text": "options.controlMode.selectControlMode",
              "size": [ "100%", 24 ],
              "anchor_to": "bottom_middle",
              "anchor_from": "bottom_middle"
            }
          }
        ]
      }
    ]
  },

  "touch_section/common_touch_settings/control_scheme_section/image_and_button/scheme_button_section/caption/selected_label": {
    "font_scale_factor": 1
  },

  "touch_section/common_touch_settings/control_scheme_section/image_and_button/scheme_button_section/caption/selected_control": {
    "font_scale_factor": 1,
    "size": [ "100%", "default" ]
  },

  "touch_section/common_touch_settings/control_scheme_section": {
    "modifications": [
      {
        "control_name": "padding_1",
        "operation": "remove"
      },
      {
        "control_name": "select_control_mode",
        "operation": "remove"
      }
    ]
  },

  "touch_section/common_touch_settings": {
    "modifications": [
      {
        "control_name": "option_slider_1",
        "operation": "insert_after",
        "value": [
          {
            "option_toggle_left_handed@settings_common.option_toggle": {
              "$option_label": "options.lefthanded",
              "$option_binding_name": "#left_handed",
              "$option_enabled_binding_name": "#left_handed_enabled",
              "$toggle_name": "left_handed"
            }
          }
        ]
      },
      {
        "array_name": "controls",
        "operation": "insert_back",
        "value": [
          {
            "section_panel_1": {
              "type": "panel",
              "size": [ "100%", "100%c + 14px" ],
              "controls": [
                {
                  "section_divider": {
                    "type": "image",
                    "size": [ "100% - 30px", 1 ],
                    "anchor_from": "center",
                    "anchor_to": "center",
                    "layer": 3,
                    "texture": "textures/ui/list_item_divider_line_light"
                  }
                }
              ]
            }
          },
          {
            "option_show_touch_control_selection_screen@settings_common.option_toggle": {
              "$option_label": "options.showTouchControlSelectionScreen",
              "$option_binding_name": "#show_touch_control_selection_screen",
              "$option_enabled_binding_name": "#show_touch_control_selection_screen_enabled",
              "$toggle_name": "show_touch_control_selection_screen"
            }
          },
          {
            "option_reset_on_start@settings_common.option_toggle": {
              "$option_label": "options.resetOnStart",
              "$option_binding_name": "#reset_on_start",
              "$option_enabled_binding_name": "#reset_on_start_enabled",
              "$toggle_name": "reset_on_start"
            }
          },
          {
            "option_slider_drag_dwell@settings_common.option_slider": {
              "$option_label": "#dwell_before_drag_time_slider_label",
              "$slider_name": "dwell_before_drag_time",
              "$slider_value_binding_name": "#dwell_before_drag_time",
              "$slider_tts_text_value": "#dwell_before_drag_time_text_value",
              "$option_enabled_binding_name": "#dwell_before_drag_time_enabled",
              "$label_bindings": [
                {
                  "binding_name": "$option_label"
                }
              ]
            }
          },
          {
            "option_slider_stack_splitting@settings_common.option_slider": {
              "$option_label": "#stack_splitting_trigger_time_slider_label",
              "$slider_name": "stack_splitting_trigger_time",
              "$slider_value_binding_name": "#stack_splitting_trigger_time",
              "$slider_tts_text_value": "#stack_splitting_trigger_time_text_value",
              "$option_enabled_binding_name": "#stack_splitting_trigger_time_enabled",
              "$label_bindings": [
                {
                  "binding_name": "$option_label"
                }
              ]
            }
          }
        ]
      }
    ]
  },

  "touch_control_scheme_info_tooltip_button@common.button": {
    "size": [ "100%", "100%" ],
    "layer": 2,

    "$pressed_button_name": "button.selected_control_scheme_info_tooltip",
    "$tooltip_offset|default": [ 0, 13 ],
    "sound_volume": 0,
    "controls": [
      {
        "default@common.empty_panel": {}
      },
      {
        "hover@common.focus_border_white": {
          "controls": [
            {
              "tooltip@controls_section.touch_control_scheme_info_tooltip": {}
            }
          ]
        }
      },
      {
        "pressed@common.focus_border_white": {
          "controls": [
            {
              "tooltip@controls_section.touch_control_scheme_info_tooltip": {}
            }
          ]
        }
      }
    ]
  },

  "touch_control_scheme_info_tooltip@common.tooltip_background": {
    "size": [ "100%cm + 10px", "100%cm + 10px" ],
    "anchor_from": "bottom_middle",
    "anchor_to": "top_middle",
    "offset": "$tooltip_offset",
    "layer": 100,
    "allow_clipping": false,
    "controls": [
      {
        "content@controls_section.touch_control_scheme_info_tooltip_content": {}
      },
      {
        "chevron_image": {
          "type": "image",
          "texture": "textures/ui/tooltip_inverted_chevron",
          "layer": 2,
          "bilinear": true,
          "size": [ 19, 13 ],
          "anchor_from": "top_middle",
          "anchor_to": "top_middle",
          "offset": [ 0, "-10px" ]
        }
      }
    ]
  },

  "touch_control_scheme_info_tooltip_content": {
    "type": "stack_panel",
    "size": [ "300px", "100%c" ],
    "layer": 1,
    "controls": [
      {
        "description": {
          "type": "label",
          "size": [ "100%", "default" ],
          "text_alignment": "left",
          "text": "#text",
          "bindings": [
            {
              "binding_name": "#selected_control_scheme_name"
            },
            {
              "binding_type": "view",
              "source_property_name": "(#selected_control_scheme_name - 'Label' - 'label' + 'Info')",
              "target_property_name": "#text"
            }
          ]
        }
      }
    ]
  }
}