{
  "edge_image_common": {
    "type": "image",
    "texture": "textures/ui/White",
    "size": "$edge_image_size",
    "color": "white",
    "layer": -1,
    "anchor_from": "$edge_anchor",
    "anchor_to": "$edge_anchor",
    "use_anchored_offset": true,
    "property_bag": {
      "#anchored_offset_value_x": 0.0,
      "#anchored_offset_value_y": 0.0
    },
    "bindings": [
      {
        "binding_name": "$local_safe_zone_offset_x",
        "binding_name_override": "#anchored_offset_value_x"
      },
      {
        "binding_name": "$local_safe_zone_offset_y",
        "binding_name_override": "#anchored_offset_value_y"
      }
    ]
  },

  "edge_left@safe_zone.edge_image_common": {
    "$edge_image_size": [ 1, 1600 ],
    "$edge_anchor": "left_middle",
    "$local_safe_zone_offset_x": "#left_safe_zone_offset",
    "$local_safe_zone_offset_y": "#anchored_offset_value_y"
  },

  "edge_right@safe_zone.edge_image_common": {
    "$edge_image_size": [ 1, 1600 ],
    "$edge_anchor": "right_middle",
    "$local_safe_zone_offset_x": "#right_safe_zone_offset",
    "$local_safe_zone_offset_y": "#anchored_offset_value_y"
  },

  "edge_top@safe_zone.edge_image_common": {
    "$edge_image_size": [ 2000, 1 ],
    "$edge_anchor": "top_middle",
    "$local_safe_zone_offset_x": "#anchored_offset_value_x",
    "$local_safe_zone_offset_y": "#top_safe_zone_offset"
  },

  "edge_bottom@safe_zone.edge_image_common": {
    "$edge_image_size": [ 2000, 1 ],
    "$edge_anchor": "bottom_middle",
    "$local_safe_zone_offset_x": "#anchored_offset_value_x",
    "$local_safe_zone_offset_y": "#bottom_safe_zone_offset"
  },

  "content_panel/safe_zone_slider_x": {
    "ignored": false
  },

  "content_panel/safe_zone_slider_y": {
    "ignored": false
  },

  "content_panel/screen_position_slider_x": {
    "ignored": false
  },

  "content_panel/screen_position_slider_y": {
    "ignored": false
  },

  "safe_zone_screen/safe_zone_bounds_markers": {
    "animation_reset_name": "screen_animation_reset",
    "propagate_alpha": true,
    "disable_anim_fast_forward": true,
    "anims": "$background_animations",
    "modifications": [
      {
        "array_name": "controls",
        "operation": "insert_back",
        "value": [
          { "left_marker@edge_left": {} },
          { "right_marker@edge_right": {} },
          { "top_marker@edge_top": {} },
          { "bottom_marker@edge_bottom": {} }
        ]
      }
    ]
  },

  "safe_zone_screen/main_content_panel": {
    "size": [ 192, 206 ],
    "animation_reset_name": "screen_animation_reset",
    "propagate_alpha": true,
    "disable_anim_fast_forward": true,
    "anims": [
      "@common.container_screen_exit_animation_push",
      "@common.container_screen_exit_animation_pop",
      "@common.container_screen_entrance_animation_push",
      "@common.container_screen_entrance_animation_pop",
      "@common.screen_exit_animation_push_fade",
      "@common.screen_exit_animation_pop_fade",
      "@common.screen_entrance_animation_push_fade",
      "@common.screen_entrance_animation_pop_fade"
    ]
  },

  "safe_zone_screen": {
    "modifications": [
      {
        "array_name": "controls",
        "operation": "insert_back",
        "value": [
          {
            "screen_background@common.screen_background": {
              "anims": "$background_animations",
              "animation_reset_name": "screen_animation_reset",
              "propagate_alpha": true,
              "disable_anim_fast_forward": true
            }
          }
        ]
      }
    ]
  }
}