{
  "namespace": "tyel_lib__item_ids",

  // IDs larger than 256 frequently breaks every time the game updates or having add-ons installed,
  // so with this list you can manually update item ids to fix compatibility in Ty-el UI.

  // You may also check out "$item_id_aux_offset" in _global_variables.json for automatic
  // Item ID AUX offsetting with just one value change.
  "index": {
    "$minecraft:air": -1,
    "$minecraft:stone": 1,
    "$minecraft:web": 30,
    "$minecraft:deadbush": 32,

    "$minecraft:slime": 165,

    "$minecraft:breeze_rod": 261,
    "$minecraft:stick": 328,

    "$minecraft:compass": 400,
    "$minecraft:clock": 402,
    "$minecraft:recovery_compass": 666,

    "$minecraft:potion": 436,
    "$minecraft:splash_potion": 578,
    "$minecraft:lingering_potion": 579,

    "$minecraft:pufferfish": 272,
    "$minecraft:spider_eye": 283,
    "$minecraft:golden_carrot": 288,
    "$minecraft:nether_wart": 299,
    "$minecraft:gunpowder": 336,
    "$minecraft:redstone": 381,
    "$minecraft:glowstone_dust": 403,
    "$minecraft:blaze_powder": 439,
    "$minecraft:sugar": 425,
    "$minecraft:ghast_tear": 434,
    "$minecraft:fermented_spider_eye": 438,
    "$minecraft:magma_cream": 440,
    "$minecraft:glistering_melon_slice": 444,
    "$minecraft:rabbit_foot": 545,
    "$minecraft:dragon_breath": 577,
    "$minecraft:turtle_helmet": 590,
    "$minecraft:phantom_membrane": 591,

    "$minecraft:compound": 614,
    "$minecraft:medicine": 619,
    "$minecraft:element_20": -31,
    "$minecraft:element_27": -38,
    "$minecraft:element_47": -58,
    "$minecraft:element_83": -94
  },

  "file_validation": { "$valid": true }
}