{
  "csb_upsell_screen": {
    "$is_full_screen_layout": true,
    "$fill_alpha": "$fill_alpha",
    "$screen_animations": [
      "@tyel_oreui_design__anims.oreui_dialog_entrance_animation_fade",
      "@tyel_oreui_design__anims.oreui_dialog_entrance_animation_pop_fade",
      "@tyel_oreui_design__anims.oreui_dialog_exit_animation_push_fade",
      "@tyel_oreui_design__anims.oreui_dialog_exit_animation_pop_fade"
    ]
  },

  "csb_upsell_compare_dialog/csb_upsell_compare_main_screen": {
    "$oreui_dialog_style__animate_dialog": true,
    "size": [ "100% - 48px", "100% - 48px" ],
    "min_size": [ 240, 180 ],
    "max_size": [ 480, 250 ]
  }
}