{
  "namespace": "tyel_about",

  "tyel_about_screen@tyel_about_common.dynamic_dialog_screen": {
    "$selector_stack_panel": "tyel_about.selector_stack_panel",
    "$section_content_panels": "tyel_about.section_content_panels",
    "$header_safezone_control": "common_store.store_top_bar_filler",
    "$header_bar_control": "common_store.store_top_bar",
    "$section_header_panels": "tyel_about.section_header_panels",
    "$section_footer_panels": "tyel_about.section_footer_panels",
    "$is_full_screen_layout": true
  },

  "selector_stack_panel": {
    "type": "stack_panel",
    "anchor_from": "top_left",
    "anchor_to": "top_left",
    "orientation": "vertical",
    "$default_selector_toggle_index": 0,
    "ttsSectionContainer": true,
    "controls": [
      {
        "tyel_about_selector_pane": {
          "type": "stack_panel",
          "controls": [
            {
              "padding_0": {
                "type": "panel",
                "size": [ 0, 4 ]
              }
            },
            {
              "about_button@tyel_about.about_button": {
                "$toggle_group_forced_index": 0
              }
            },
            {
              "features_button@tyel_about.features_button": {
                "$toggle_group_forced_index": 1
              }
            },
            {
              "subpack_features_button@tyel_about.subpack_features_button": {
                "$toggle_group_forced_index": 2
              }
            },
            {
              "compatibility_mode_button@tyel_about.compatibility_mode_button": {
                "$toggle_group_forced_index": 3
              }
            },
            {
              "credits_button@tyel_about.credits_button": {
                "$toggle_group_forced_index": 4
              }
            },
            {
              "usage_button@tyel_about.usage_button": {
                "$toggle_group_forced_index": 5
              }
            },
            {
              "validation_button@tyel_about.validation_button": {
                "$toggle_group_forced_index": 6
              }
            },
            {
              "changelog_category@tyel_about_common.topic_category": {
                "$category": "changelog"
              }
            },
            {
              "changelog120_button@tyel_about.changelog120_button": {
                "$toggle_group_forced_index": 7
              }
            },
            {
              "changelog114_button@tyel_about.changelog114_button": {
                "$toggle_group_forced_index": 8
              }
            },
            {
              "changelog113_button@tyel_about.changelog113_button": {
                "$toggle_group_forced_index": 9
              }
            },
            {
              "changelog112_button@tyel_about.changelog112_button": {
                "$toggle_group_forced_index": 10
              }
            },
            {
              "changelog111_button@tyel_about.changelog111_button": {
                "$toggle_group_forced_index": 11
              }
            },
            {
              "changelog110_button@tyel_about.changelog110_button": {
                "$toggle_group_forced_index": 12
              }
            },
            {
              "changelog102_button@tyel_about.changelog102_button": {
                "$toggle_group_forced_index": 13
              }
            },
            {
              "changelog101_button@tyel_about.changelog101_button": {
                "$toggle_group_forced_index": 14
              }
            },
            {
              "changelog100_button@tyel_about.changelog100_button": {
                "$toggle_group_forced_index": 15
              }
            }
          ]
        }
      }
    ]
  },

  "section_title_labels": {
    "type": "panel",
    "size": [ "100%c", "100%c" ],
    "controls": [
      {
        "about@tyel_about_common.section_title": {
          "$section_title": ";-;", "$section_topic_control": "about"
        }
      },
      {
        "features@tyel_about_common.section_title": {
          "$section_title": "tyelAbout.features", "$section_topic_control": "features"
        }
      },
      {
        "subpack_features@tyel_about_common.section_title": {
          "$section_title": "tyelAbout.subpackFeatures", "$section_topic_control": "subpackFeatures"
        }
      },
      {
        "compatibility_mode@tyel_about_common.section_title": {
          "$section_title": "tyelAbout.compatibilityMode", "$section_topic_control": "compatibilityMode"
        }
      },
      {
        "credits@tyel_about_common.section_title": {
          "$section_title": "tyelAbout.credits", "$section_topic_control": "credits"
        }
      },
      {
        "usage@tyel_about_common.section_title": {
          "$section_title": "tyelAbout.usage", "$section_topic_control": "usage"
        }
      },
      {
        "validation@tyel_about_common.section_title": {
          "$section_title": "tyelAbout.validation", "$section_topic_control": "validation"
        }
      },
      {
        "changelog_120@tyel_about_common.section_title_changelog": {
          "$version_label": "tyelAbout.changelog120", "$section_topic_control": "changelog120"
        }
      },
      {
        "changelog_114@tyel_about_common.section_title_changelog": {
          "$version_label": "tyelAbout.changelog114", "$section_topic_control": "changelog114"
        }
      },
      {
        "changelog_113@tyel_about_common.section_title_changelog": {
          "$version_label": "tyelAbout.changelog113", "$section_topic_control": "changelog113"
        }
      },
      {
        "changelog_112@tyel_about_common.section_title_changelog": {
          "$version_label": "tyelAbout.changelog112", "$section_topic_control": "changelog112"
        }
      },
      {
        "changelog_111@tyel_about_common.section_title_changelog": {
          "$version_label": "tyelAbout.changelog111", "$section_topic_control": "changelog111"
        }
      },
      {
        "changelog_110@tyel_about_common.section_title_changelog": {
          "$version_label": "tyelAbout.changelog110", "$section_topic_control": "changelog110"
        }
      },
      {
        "changelog_102@tyel_about_common.section_title_changelog": {
          "$version_label": "tyelAbout.changelog102", "$section_topic_control": "changelog102"
        }
      },
      {
        "changelog_101@tyel_about_common.section_title_changelog": {
          "$version_label": "tyelAbout.changelog101", "$section_topic_control": "changelog101"
        }
      },
      {
        "changelog_100@tyel_about_common.section_title_changelog": {
          "$version_label": "tyelAbout.changelog100", "$section_topic_control": "changelog100"
        }
      }
    ]
  },

  "section_content_panels": {
    "type": "stack_panel",
    "anchor_from": "top_left",
    "anchor_to": "top_left",
    "size": [ "100% - 6px", "100%c + 5px" ],
    "offset": [ 2, 0 ],
    "controls": [
      {
        "seecret_panel_for_touch": {
          "type": "panel",
          "size": [ "100%", 0 ],
          "controls": [
            {
              "hidden_panel@tyel_about_common.section_content_hidden": {}
            }
          ]
        }
      },
      {
        "section_contents_header@tyel_about_common.section_contents_header": {}
      },
      {
        "general_sections": {
          "type": "stack_panel",
          "controls": [
            { "about@tyel_about.about_section": {} },
            { "features@tyel_about.features_section": {} },
            { "subpack_features@tyel_about.subpack_features_section": {} },
            { "compatibility_mode@tyel_about.compatibility_mode_section": {} },
            { "credits@tyel_about.credits_section": {} },
            { "usage@tyel_about.usage_section": {} },
            { "validation@tyel_about.validation_section": {} },
            { "changelog120@tyel_about.changelog120_section": {} },
            { "changelog114@tyel_about.changelog114_section": {} },
            { "changelog113@tyel_about.changelog113_section": {} },
            { "changelog112@tyel_about.changelog112_section": {} },
            { "changelog111@tyel_about.changelog111_section": {} },
            { "changelog110@tyel_about.changelog110_section": {} },
            { "changelog102@tyel_about.changelog102_section": {} },
            { "changelog101@tyel_about.changelog101_section": {} },
            { "changelog100@tyel_about.changelog100_section": {} }
          ]
        }
      },
      {
        "section_contents_footer@tyel_about_common.section_contents_footer": {}
      }
    ]
  },

  "section_header_panels": {
    "type": "panel",
    "anchor_from": "top_left",
    "anchor_to": "top_left",
    "size": [ "100% - 6px", "100%c" ],
    "offset": [ 2, 0 ],
    "controls": [
      // currently unused...
      {
        "header_panel": {
          "type": "stack_panel",
          "controls": [
          ]
        }
      }
    ]
  },

  "section_footer_panels": {
    "type": "panel",
    "anchor_from": "top_left",
    "anchor_to": "top_left",
    "size": [ "100% - 6px", "100%c" ],
    "offset": [ 2, 0 ],
    "controls": [
      {
        "footer_panel": {
          "type": "stack_panel",
          "controls": [
            { "about_footer@tyel_about.about_footer": {} }
          ]
        }
      }
    ]
  },

  "about_button@tyel_about_common.section_toggle_button": {
    "$section_topic": "about"
  },

  "about_section@tyel_about_common.main_sections": {
    "$section_topic_control": "about",
    "controls": [
      {
        "pack_info_stack": {
          "type": "stack_panel",
          "orientation": "horizontal",
          "size": [ "100%", 48 ],
          "controls": [
            {
              "pack_icon": {
                "type": "image",
                "texture": "tyel_logo_signed",
                "size": [ 48, 48 ],
                "layer": 1
              }
            },
            {
              "padding": {
                "type": "panel",
                "size": [ 4, 4 ]
              }
            },
            {
              "text_panel": {
                "type": "stack_panel",
                "orientation": "vertical",
                "size": [ "fill", "100%" ],
                "controls": [
                  {
                    "pack_name@tyel_about_common.generic_label": {
                      "localize": false,
                      "text": "§eThe Ty-el's UI Pack",
                      "font_type": "MinecraftTen",
                      "font_size": "large"
                    }
                  },
                  {
                    "version_text@tyel_about_common.generic_label": {
                      "text": "tyelAbout.packVersion"
                    }
                  }
                ]
              }
            }
          ]
        }
      },
      {
        "label_creator_title@tyel_about_common.generic_label": {
          "text": "tyelAbout.creatorTitle"
        }
      },
      {
        "label_creator_twitter@tyel_about_common.generic_label": {
          "localize": false,
          "text": "- §bX/Twitter§r: https://x.com/tlgm2308"
        }
      },
      {
        "label_creator_youtube@tyel_about_common.generic_label": {
          "localize": false,
          "text": "- §cYouTube§r: https://www.youtube.com/@TLGM2308"
        }
      },
      {
        "label_creator_discord@tyel_about_common.generic_label": {
          "localize": false,
          "text": "- §3Discord§r: tlgm2308"
        }
      },
      {
        "label_creator_discord_server@tyel_about_common.generic_label": {
          "localize": false,
          "text": "- Discord Server: https://discord.gg/zMA7xrb"
        }
      },
      {
        "label_0@tyel_about_common.generic_label": {
          "localize": false,
          "text": "No one likes me... ;-;"
        }
      },
      {
        "padding_1": {
          "type": "panel",
          "size": [ 0, 10 ]
        }
      },
      { "label_1@$default_label": { "$line": 1 } },
      { "label_2@$default_label": { "$line": 2 } },
      { "label_3@$default_label": { "$line": 3 } },
      { "label_4@$default_label": { "$line": 4 } },
      { "label_5@$default_label": { "$line": 5 } },
      { "label_6@$default_label": { "$line": 6 } },
      {
        "pad_disclaimer": {
          "type": "panel",
          "size": [ 0, 4 ]
        }
      },
      {
        "disclaimer_text@tyel_about_common.generic_label": {
          "localize": false,
          "text": "§7This pack is not affiliated with Microsoft or Mojang Studios."
        }
      }
    ]
  },

  "about_footer": {
    "type": "panel",
    "size": [ "100%", "100%c + 4px" ],
    "bindings": [
      {
        "binding_type": "view",
        "source_control_name": "about_button_toggle",
        "source_property_name": "#toggle_state",
        "target_property_name": "#visible"
      }
    ],
    "controls": [
      {
        "stack_panel_texts": {
          "type": "stack_panel",
          "size": [ "100%", "100%c" ],
          "controls": [
            {
              "padding": {
                "type": "panel",
                "size": [ 0, 2 ]
              }
            },
            {
              "help_translation@tyel_about_common.generic_label": {
                "text": "tyelAbout.translationHelp"
              }
            },
            {
              "mysterious_text@tyel_about_common.mysterious_text": {}
            },
            {
              "label_secret@tyel_about_common.generic_label": {
                "text": "You don't need to translate this. /\\ ",
                "font_size": "small"
              }
            }
          ]
        }
      }
    ]
  },

  "features_button@tyel_about_common.section_toggle_button": {
    "$section_topic": "features"
  },

  "features_section@tyel_about_common.main_sections": {
    "$section_topic_control": "features",
    "controls": [
      {
        "title_1@tyel_about_common.generic_label": {
          "text": "tyelAbout.featuresTitleFeatures",
          "font_type": "MinecraftTen",
          "font_size": "large"
        }
      },
      {
        "small_pad@common.empty_panel": { "size": [ 1, 1 ] }
      },
      {
        "simple_header_bar@common.simple_header_bar": {
          "size": [ "100%", 1 ]
        }
      },
      { "f_label_1@$default_label": { "$line": "_N_1" } },
      { "f_label_2@$default_label": { "$line": "_N_2" } },
      { "f_label_2_1@$default_label": { "$line": "_N_2.1" } },
      { "f_label_2_2@$default_label": { "$line": "_N_2.2" } },
      { "f_label_2_3@$default_label": { "$line": "_N_2.3" } },
      { "f_label_2_4@$default_label": { "$line": "_N_2.4" } },
      { "f_label_2_5@$default_label": { "$line": "_N_2.5" } },
      { "f_label_2_6@$default_label": { "$line": "_N_2.6" } },
      { "f_label_2_7@$default_label": { "$line": "_N_2.7" } },
      { "f_label_2_8@$default_label": { "$line": "_N_2.8" } },
      { "f_label_3@$default_label": { "$line": "_N_3" } },
      { "f_label_3_1@$default_label": { "$line": "_N_3.1" } },
      { "f_label_3_2@$default_label": { "$line": "_N_3.2" } },
      { "f_label_3_3@$default_label": { "$line": "_N_3.3" } },
      { "f_label_3_4@$default_label": { "$line": "_N_3.4" } },
      { "f_label_4@$default_label": { "$line": "_N_4" } },
      { "f_label_4_1@$default_label": { "$line": "_N_4.1" } },
      { "f_label_5@$default_label": { "$line": "_N_5" } },
      { "f_label_6@$default_label": { "$line": "_N_6" } },
      { "f_label_6_1@$default_label": { "$line": "_N_6.1" } },
      { "f_label_6_2@$default_label": { "$line": "_N_6.2" } },
      { "f_label_6_3@$default_label": { "$line": "_N_6.3" } },
      { "f_label_6_4@$default_label": { "$line": "_N_6.4" } },
      { "f_label_7@$default_label": { "$line": "_N_7" } },
      { "f_label_8@$default_label": { "$line": "_N_8" } },
      { "f_label_9@$default_label": { "$line": "_N_9" } },
      { "f_label_10@$default_label": { "$line": "_N_10" } },
      { "f_label_11@$default_label": { "$line": "_N_11" } },
      { "f_label_12@$default_label": { "$line": "_N_12" } },
      { "f_label_13@$default_label": { "$line": "_N_13" } },
      {
        "padding_1": {
          "type": "panel",
          "size": [ 0, 8 ]
        }
      },
      {
        "parity_features_title@tyel_about_common.parity_features_title": {}
      },
      { "p_label_1@$default_label": { "$line": "Parity_N_1" } },
      { "p_label_2@$default_label": { "$line": "Parity_N_2" } },
      { "p_label_3@$default_label": { "$line": "Parity_N_3" } },
      { "p_label_4@$default_label": { "$line": "Parity_N_4" } },
      { "p_label_5@$default_label": { "$line": "Parity_N_5" } },
      { "p_label_6@$default_label": { "$line": "Parity_N_6" } },
      { "p_label_7@$default_label": { "$line": "Parity_N_7" } },
      { "p_label_8@$default_label": { "$line": "Parity_N_8" } },
      { "p_label_9@$default_label": { "$line": "Parity_N_9" } },
      { "p_label_10@$default_label": { "$line": "Parity_N_10" } },
      { "p_label_11@$default_label": { "$line": "Parity_N_11" } },
      { "p_label_12@$default_label": { "$line": "Parity_N_12" } },
      { "p_label_13@$default_label": { "$line": "Parity_N_13" } },
      { "p_label_14@$default_label": { "$line": "Parity_N_14" } },
      { "p_label_15@$default_label": { "$line": "Parity_N_15" } },
      { "p_label_15_1@$default_label": { "$line": "Parity_N_15.1" } },
      { "p_label_15_2@$default_label": { "$line": "Parity_N_15.2" } },
      { "p_label_16@$default_label": { "$line": "Parity_N_16" } }
    ]
  },

  "subpack_features_button@tyel_about_common.section_toggle_button": {
    "$section_topic": "subpackFeatures"
  },

  "subpack_features_section@tyel_about_common.main_sections": {
    "$section_topic_control": "subpackFeatures",
    "controls": [
      {
        "title@tyel_about_common.generic_label": {
          "text": "tyelAbout.subpackFeatures",
          "font_type": "MinecraftTen",
          "font_size": "large"
        }
      },
      {
        "info@tyel_about_common.generic_label": {
          "text": "tyelAbout.subpackFeaturesInfo"
        }
      },
      {
        "current@tyel_about_common.generic_stack_label": {
          "$text1": "tyelAbout.subpackFeatures.current",
          "controls": [
            {
              "label_1@tyel_about_common.generic_label": {
                "localize": "$enable_localize",
                "text": "$text1"
              }
            },
            {
              "spacer_1": {
                "type": "panel",
                "size": [ 5, 0 ]
              }
            },
            {
              "label_2@tyel_subpack_settings.subpack_type": {
                "localize": "$enable_localize"
              }
            }
          ]
        }
      },
      {
        "padding_1": {
          "type": "panel",
          "size": [ 4, 4 ]
        }
      },
      {
        "title_default@tyel_about_common.generic_label": {
          "text": "tyelAbout.subpackFeatures.default",
          "font_type": "MinecraftTen"
        }
      },
      { "label_default@$default_label": { "$line": ".default" } },
      {
        "padding_2": {
          "type": "panel",
          "size": [ 4, 4 ]
        }
      },
      {
        "title_default_vanilla@tyel_about_common.generic_label": {
          "text": "tyelAbout.subpackFeatures.defaultVanilla",
          "font_type": "MinecraftTen"
        }
      },
      { "label_default_vanilla@$default_label": { "$line": ".defaultVanilla" } },
      {
        "padding_3": {
          "type": "panel",
          "size": [ 4, 4 ]
        }
      },
      {
        "title_perf@tyel_about_common.generic_label": {
          "text": "tyelAbout.subpackFeatures.performance",
          "font_type": "MinecraftTen"
        }
      },
      { "label_perf@$default_label": { "$line": ".performance" } },
      {
        "padding_4": {
          "type": "panel",
          "size": [ 4, 4 ]
        }
      },
      {
        "title_ultra@tyel_about_common.generic_label": {
          "text": "tyelAbout.subpackFeatures.ultra",
          "font_type": "MinecraftTen"
        }
      },
      { "label_ultra@$default_label": { "$line": ".ultra" } }
    ]
  },

  "compatibility_mode_button@tyel_about_common.section_toggle_button": {
    "$section_topic": "compatibilityMode"
  },

  "compatibility_mode_section@tyel_about_common.main_sections": {
    "$status_label": "tyel_about.colored_status_label",
    "$section_topic_control": "compatibilityMode",
    "controls": [
      {
        "title@$default_label": {
          "text": "tyelAbout.compatibilityModeInfo",
          "font_type": "MinecraftTen",
          "font_size": "large"
        }
      },
      { "label_head_1@$default_label": { "$line": "Info1" } },
      { "label_head_2@$default_label": { "$line": "Info2" } },
      { "label_head_3@$default_label": { "$line": "Info3" } },
      {
        "padding_0": {
          "type": "panel",
          "size": [ 4, 4 ]
        }
      },
      {
        "dropdown_toggle_enabled@tyel_about_common.dropdown_toggle": {
          "$toggle_name": "dropdown_toggle_enabled",
          "$title_text": "addServer.resourcePack.enabled"
        }
      },
      {
        "dropdown_toggle_enabled_content@tyel_about.compatibility_mode_dropdown_toggle_content": {
          "$dropdown_toggle_control": "dropdown_toggle_enabled"
        }
      },
      {
        "padding_1": {
          "type": "panel",
          "size": [ 4, 4 ]
        }
      },
      {
        "dropdown_toggle_disabled@tyel_about_common.dropdown_toggle": {
          "$toggle_name": "dropdown_toggle_disabled",
          "$title_text": "addServer.resourcePack.disabled"
        }
      },
      {
        "dropdown_toggle_disabled_content@tyel_about.compatibility_mode_dropdown_toggle_content": {
          "$dropdown_toggle_control": "dropdown_toggle_disabled",
          "$reverse_result": true
        }
      },
      {
        "padding_2": {
          "type": "panel",
          "size": [ 4, 4 ]
        }
      },
      {
        "dropdown_toggle_automated@tyel_about_common.dropdown_toggle": {
          "$toggle_name": "dropdown_toggle_automated",
          "$title_text": "tyelAbout.compatibilityModeLabel.automated"
        }
      },
      {
        "dropdown_toggle_automated_content@tyel_about.compatibility_mode_automated_dropdown_toggle_content": {
          "$dropdown_toggle_control": "dropdown_toggle_automated"
        }
      }
    ]
  },

  "compatibility_mode_dropdown_toggle_content@tyel_about_common.compatibility_mode_dropdown_toggle_content": {
    "$item_control": "tyel_about_common.compatibility_mode_dropdown_toggle_item"
  },

  "compatibility_mode_automated_dropdown_toggle_content@tyel_about_common.compatibility_mode_automated_dropdown_toggle_content": {
    "$item_control": "tyel_about_common.compatibility_mode_dropdown_toggle_item_controls",
    "$use_status_label": false
  },

  "credits_button@tyel_about_common.section_toggle_button": {
    "$section_topic": "credits"
  },

  "credits_section@tyel_about_common.main_sections": {
    "$default_label": "tyel_about_common.generic_label",
    "$section_topic_control": "credits",
    "controls": [
      {
        "title@$default_label": {
          "text": "tyelAbout.creditsTitle",
          "font_type": "MinecraftTen",
          "font_size": "large"
        }
      },
      {
        "label_1@$default_label": {
          "localize": false,
          "text": "- @NetherNinja (Twitter) - Drop Items buttons inspiration idea"
        }
      },
      {
        "label_2@$default_label": {
          "localize": false,
          "text": "- @ZouChenyunfei (Twitter) - Custom Pack Info in Pack Settings Screen"
        }
      },
      {
        "label_3@$default_label": {
          "localize": false,
          "text": "- @asakizuki (Discord) - Fixing Item ID calculator, method to convert float numbers to strings, and other things"
        }
      },
      {
        "label_4@$default_label": {
          "localize": false,
          "text": "- @LukasPAH (Twitter) and wiki.bedrock.dev website - Item ID AUX and UI documentations"
        }
      },
      {
        "label_5@$default_label": {
          "localize": false,
          "text": "- @Chainsketch_ (Twitter) - Compatibility with Ultimate Thumbnail Maker, Modules+"
        }
      },
      {
        "label_6@$default_label": {
          "localize": false,
          "text": "- _hjn (Discord) - Compatibility with Utility UI"
        }
      },
      {
        "label_7@$default_label": {
          "localize": false,
          "text": "- citicx (Discord) - Compatibility with Zeqa Server Resource Pack"
        }
      },
      {
        "label_8@$default_label": {
          "localize": false,
          "text": "- Minecraft Vanilla UI and Sounds by ©Microsoft and ©Mojang Studios"
        }
      },
      {
        "label_9@$default_label": {
          "localize": false,
          "text": "- And other inspirations from contents by DualRed, RandomityGuy, CrisXolt, Tcbdxh and DrAv0011's Bedrock Tweaks"
        }
      },
      {
        "padding_0": {
          "type": "panel",
          "size": [ 4, 4 ]
        }
      },
      {
        "title_translators@$default_label": {
          "text": "tyelAbout.creditsTitleTranslators",
          "font_type": "MinecraftTen",
          "font_size": "large"
        }
      },
      {
        "label_tr_de_DE@tyel_about.lang_credit_stack_label": {
          "$name": "@Iam_best_dev (Twitter)",
          "$lang_name": "Deutsch (Deutschland)"
        }
      },
      {
        "label_tr_es_ES@tyel_about.lang_credit_stack_label": {
          "$name": "@sebasxpert (Twitter), @TheCloverMC_01 (Twitter)",
          "$lang_name": "Español (España)"
        }
      },
      {
        "label_tr_id_ID@tyel_about.lang_credit_stack_label": {
          "$name": "starfire87 (Discord)",
          "$lang_name": "Indonesia (Indonesia)"
        }
      },
      {
        "label_tr_pt_BR@tyel_about.lang_credit_stack_label": {
          "$name": "@will_ushuah (Twitter), @IjoaopedroAnd (Twitter)",
          "$lang_name": "Portugu\u00eas (Brasil)"
        }
      },
      {
        "label_tr_tr_TR@tyel_about.lang_credit_stack_label": {
          "$name": "duranforreal (Discord)",
          "$lang_name": "Türkçe (Türkiye)"
        }
      },
      {
        "label_tr_ru_RU@tyel_about.lang_credit_stack_label": {
          "$name": "@theqwermc (Twitter)",
          "$lang_name": "\u0420\u0443\u0441\u0441\u043a\u0438\u0439\u0020\u0028\u0420\u043e\u0441\u0441\u0438\u044f\u0029"
        }
      },
      {
        "label_tr_uk_UA@tyel_about.lang_credit_stack_label": {
          "$name": "@tlgm2308 (Twitter, yep that's me) <3",
          "$lang_name": "\u0423\u043a\u0440\u0430\u0457\u043d\u0441\u044c\u043a\u0430\u0020\u0028\u0423\u043a\u0440\u0430\u0457\u043d\u0430\u0029"
        }
      },
      {
        "label_tr_ja_JP@tyel_about.lang_credit_stack_label": {
          "$name": "@nattsuiy (Twitter)",
          "$lang_name": "\u65e5\u672c\u8a9e (\u65e5\u672c)"
        }
      },
      {
        "label_tr_zh_CN@tyel_about.lang_credit_stack_label": {
          "$name": "@YangTuo_zi (Twitter), @student_2333 (Twitter), @mascot_fox8888 (Twitter), @_Pig_Peppa_ (Twitter)",
          "$lang_name": "\u4e2d\u6587(\u4e2d\u56fd)"
        }
      },
      {
        "label_tr_zh_TW@tyel_about.lang_credit_stack_label": {
          "$name": "@HonKit1103 (Twitter)",
          "$lang_name": "\u4e2d\u6587(\u7e41\u9ad4)"
        }
      },
      {
        "padding_for_quotes": {
          "type": "panel",
          "size": [ 16, 16 ]
        }
      },
      {
        "label_quote_nattsuiy_jp@$default_label": {
          "localize": false,
          "text": "\u0055\u0049\u3092\u697d\u3057\u3080\u3002\u4fbf\u5229\u6a5f\u80fd\u3067\u30de\u30a4\u30af\u30e9\u30a4\u30d5\u3092\u8c4a\u304b\u306b\u3059\u308b\u3002\n - @nattsuiy (Twitter) (´-ω-`)"
        }
      },
      {
        "label_quote_nattsuiy_en@$default_label": {
          "localize": false,
          "font_type": "smooth",
          "text": "§o(Translated to EN: Enjoy the UI. Useful features enrich Minecraft.)"
        }
      }
    ]
  },

  "lang_credit_stack_label@tyel_about_common.generic_stack_label": {
    "$text1": "('§r- ' + $lang_name)",
    "$text2": "-",
    "$text3": "$name",
    "$text3_size": [ "fill", "default" ],
    "$name|default": "",
    "$lang_name|default": "",
    "$enable_localize": false
  },

  "usage_button@tyel_about_common.section_toggle_button": {
    "$section_topic": "usage"
  },

  "usage_section@tyel_about_common.main_sections": {
    "$section_topic_control": "usage",
    "controls": [
      {
        "title@tyel_about_common.generic_label": {
          "text": "tyelAbout.usage",
          "font_type": "MinecraftTen",
          "font_size": "large"
        }
      },
      { "label_1@$default_label": { "$line": 1 } },
      { "label_2@$default_label": { "$line": 2 } },
      { "label_3@$default_label": { "$line": 3 } },
      { "label_4@$default_label": { "$line": 4 } },
      { "label_5@$default_label": { "$line": 5 } },
      {
        "padding_0": {
          "type": "panel",
          "size": [ "100%", 8 ]
        }
      },
      { "label_6@$default_label": { "$line": 6 } },
      { "label_7@$default_label": { "$line": 7 } },
      { "label_8@$default_label": { "$line": 8 } },
      { "label_9@$default_label": { "$line": 9 } },
      { "label_10@$default_label": { "$line": 10 } },
      { "label_11@$default_label": { "$line": 11 } }
    ]
  },

  "validation_button@tyel_about_common.section_toggle_button": {
    "$section_topic": "validation"
  },

  "validation_section@tyel_about_common.main_sections": {
    "$section_topic_control": "validation",
    "controls": [
      {
        "title@tyel_about_common.generic_label": {
          "text": "tyelAbout.validation",
          "font_type": "MinecraftTen",
          "font_size": "large"
        }
      },
      { "label_1@$default_label": { "$line": 1 } },
      { "label_2@$default_label": { "$line": 2 } },
      {
        "padding_1": {
          "type": "panel",
          "size": [ "100%", 16 ]
        }
      },
      {
        "label_3@tyel_about_common.generic_label": {
          "text": "tyelAbout.validation.errorList",
          "font_type": "MinecraftTen",
          "font_scale_factor": 1.333
        }
      },
      {
        "validation_panel@tyel_ui_validation.tyel_ui_validation_stack_system": {}
      }
    ]
  },

  "min_ver_stack_label@tyel_about_common.generic_stack_label": {
    "$text1": "tyelAbout.minGameVerRequired",
    "$text2": "$min_version_req",
    "$min_version_req|default": "",
    "$enable_localize": true
  },

  "changelog100_button@tyel_about_common.section_toggle_button": {
    "$section_topic": "changelog100"
  },

  "cl100_label@tyel_about_common.changelog_desc_label": {
    "$ver": 100
  },

  "changelog100_section@tyel_about_common.main_sections": {
    "$section_topic_control": "changelog100",
    "$cl_label|default": "tyel_about.cl100_label",
    "controls": [
      {
        "title@tyel_about_common.generic_label": {
          "text": "tyelAbout.changelog100.title",
          "font_type": "MinecraftTen",
          "font_size": "large"
        }
      },
      {
        "ver_text@tyel_about_common.generic_label": {
          "text": "v1.0.0-2021.10.10-(r1.17.40)",
          "localize": false
        }
      },
      {
        "min_ver@tyel_about.min_ver_stack_label": {
          "$min_version_req": "v1.17.30"
        }
      },
      {
        "padding": {
          "type": "panel",
          "size": [ 4, 4 ]
        }
      },
      { "label_1@$cl_label": { "$line": 1 } }
    ]
  },

  "changelog101_button@tyel_about_common.section_toggle_button": {
    "$section_topic": "changelog101"
  },

  "cl101_label@tyel_about_common.changelog_desc_label": {
    "$ver": 101
  },

  "changelog101_section@tyel_about_common.main_sections": {
    "$section_topic_control": "changelog101",
    "$cl_label|default": "tyel_about.cl101_label",
    "controls": [
      {
        "title@tyel_about_common.generic_label": {
          "text": "tyelAbout.changelog101.title",
          "font_type": "MinecraftTen",
          "font_size": "large"
        }
      },
      {
        "ver_text@tyel_about_common.generic_label": {
          "text": "v1.0.1-2021.10.22-(r1.17.40)",
          "localize": false
        }
      },
      {
        "min_ver@tyel_about.min_ver_stack_label": {
          "$min_version_req": "v1.17.30"
        }
      },
      {
        "padding": {
          "type": "panel",
          "size": [ 4, 4 ]
        }
      },
      { "label_1@$cl_label": { "$line": 1 } },
      { "label_2@$cl_label": { "$line": 2 } },
      { "label_3@$cl_label": { "$line": 3 } },
      { "label_4@$cl_label": { "$line": 4 } },
      { "label_5@$cl_label": { "$line": 5 } },
      { "label_6@$cl_label": { "$line": 6 } },
      { "label_7@$cl_label": { "$line": 7 } },
      { "label_8@$cl_label": { "$line": 8 } },
      { "label_9@$cl_label": { "$line": 9 } },
      { "label_10@$cl_label": { "$line": 10 } },
      { "label_11@$cl_label": { "$line": 11 } },
      { "label_12@$cl_label": { "$line": 12 } },
      { "label_13@$cl_label": { "$line": 13 } },
      { "label_14@$cl_label": { "$line": 14 } },
      { "label_15@$cl_label": { "$line": 15 } },
      { "label_16@$cl_label": { "$line": 16 } },
      { "label_17@$cl_label": { "$line": 17 } },
      { "label_18@$cl_label": { "$line": 18 } }
    ]
  },

  "changelog102_button@tyel_about_common.section_toggle_button": {
    "$section_topic": "changelog102"
  },

  "cl102_label@tyel_about_common.changelog_desc_label": {
    "$ver": 102
  },

  "changelog102_section@tyel_about_common.main_sections": {
    "$section_topic_control": "changelog102",
    "$cl_label|default": "tyel_about.cl102_label",
    "controls": [
      {
        "title@tyel_about_common.generic_label": {
          "text": "tyelAbout.changelog102.title",
          "font_type": "MinecraftTen",
          "font_size": "large"
        }
      },
      {
        "ver_text@tyel_about_common.generic_label": {
          "text": "v1.0.2-2021.12.24-(r1.18.2)",
          "localize": false
        }
      },
      {
        "min_ver@tyel_about.min_ver_stack_label": {
          "$min_version_req": "v1.18.0"
        }
      },
      {
        "padding_1": {
          "type": "panel",
          "size": [ 4, 4 ]
        }
      },
      { "label_0@$cl_label": { "$line": 0 } },
      { "label_0a@$cl_label": { "$line": "0a" } },
      {
        "padding_2": {
          "type": "panel",
          "size": [ 4, 4 ]
        }
      },
      { "label_1@$cl_label": { "$line": 1 } },
      { "label_2@$cl_label": { "$line": 2 } },
      { "label_3@$cl_label": { "$line": 3 } },
      { "label_4@$cl_label": { "$line": 4 } },
      { "label_5@$cl_label": { "$line": 5 } },
      { "label_6@$cl_label": { "$line": 6 } },
      { "label_7@$cl_label": { "$line": 7 } },
      { "label_8@$cl_label": { "$line": 8 } },
      { "label_9@$cl_label": { "$line": 9 } },
      { "label_10@$cl_label": { "$line": 10 } },
      { "label_11@$cl_label": { "$line": 11 } },
      { "label_12@$cl_label": { "$line": 12 } },
      { "label_13@$cl_label": { "$line": 13 } },
      { "label_14@$cl_label": { "$line": 14 } },
      { "label_15@$cl_label": { "$line": 15 } },
      { "label_16@$cl_label": { "$line": 16 } },
      { "label_17@$cl_label": { "$line": 17 } },
      { "label_18@$cl_label": { "$line": 18 } },
      { "label_19@$cl_label": { "$line": 19 } },
      { "label_20@$cl_label": { "$line": 20 } },
      { "label_21@$cl_label": { "$line": 21 } },
      { "label_22@$cl_label": { "$line": 22 } },
      { "label_23@$cl_label": { "$line": 23 } },
      { "label_24@$cl_label": { "$line": 24 } },
      { "label_25@$cl_label": { "$line": 25 } },
      { "label_26@$cl_label": { "$line": 26 } },
      { "label_27@$cl_label": { "$line": 27 } },
      { "label_28@$cl_label": { "$line": 28 } }
    ]
  },

  "changelog110_button@tyel_about_common.section_toggle_button": {
    "$section_topic": "changelog110"
  },

  "cl110_label@tyel_about_common.changelog_desc_label": {
    "$ver": 110
  },

  "changelog110_section@tyel_about_common.main_sections": {
    "$section_topic_control": "changelog110",
    "$cl_label|default": "tyel_about.cl110_label",
    "controls": [
      {
        "title@tyel_about_common.generic_label": {
          "text": "tyelAbout.changelog110.title",
          "font_type": "MinecraftTen",
          "font_size": "large"
        }
      },
      {
        "ver_text@tyel_about_common.generic_label": {
          "text": "v1.1.0 (103)-2022.09.04-(r1.19.22)",
          "localize": false
        }
      },
      {
        "min_ver@tyel_about.min_ver_stack_label": {
          "$min_version_req": "v1.19.10"
        }
      },
      {
        "padding_1": {
          "type": "panel",
          "size": [ 4, 4 ]
        }
      },
      {
        "label_notice1@tyel_about_common.generic_label": {
          "text": "tyelAbout.changelog110.notice1"
        }
      },
      {
        "label_notice2@tyel_about_common.generic_label": {
          "text": "tyelAbout.changelog110.notice2"
        }
      },
      {
        "padding_2": {
          "type": "panel",
          "size": [ 4, 4 ]
        }
      },
      { "new_features@tyel_about_common.new_features_title": {} },
      { "label_1@$cl_label": { "$line": 1 } },
      { "label_2@$cl_label": { "$line": 2 } },
      { "label_3@$cl_label": { "$line": 3 } },
      { "label_4@$cl_label": { "$line": 4 } },
      { "label_5@$cl_label": { "$line": 5 } },
      { "label_6@$cl_label": { "$line": 6 } },
      { "label_7@$cl_label": { "$line": 7 } },
      { "label_8@$cl_label": { "$line": 8 } },
      { "label_9@$cl_label": { "$line": 9 } },
      { "label_10@$cl_label": { "$line": 10 } },
      { "label_11@$cl_label": { "$line": 11 } },
      { "label_12@$cl_label": { "$line": 12 } },
      { "label_13@$cl_label": { "$line": 13 } },
      { "label_14@$cl_label": { "$line": 14 } },
      { "label_15@$cl_label": { "$line": 15 } },
      { "label_16@$cl_label": { "$line": 16 } },
      { "label_17@$cl_label": { "$line": 17 } },
      { "label_18@$cl_label": { "$line": 18 } },
      { "label_19@$cl_label": { "$line": 19 } },
      { "label_20@$cl_label": { "$line": 20 } },
      { "label_21@$cl_label": { "$line": 21 } },
      { "label_22@$cl_label": { "$line": 22 } },
      { "label_23@$cl_label": { "$line": 23 } },
      { "label_24@$cl_label": { "$line": 24 } },
      { "label_25@$cl_label": { "$line": 25 } },
      { "label_26@$cl_label": { "$line": 26 } },
      { "label_27@$cl_label": { "$line": 27 } },
      { "label_28@$cl_label": { "$line": 28 } },
      { "label_29@$cl_label": { "$line": 29 } },
      { "label_30@$cl_label": { "$line": 30 } },
      { "label_31@$cl_label": { "$line": 31 } },
      { "label_32@$cl_label": { "$line": 32 } },
      { "label_33@$cl_label": { "$line": 33 } },
      { "label_34@$cl_label": { "$line": 34 } },
      { "label_35@$cl_label": { "$line": 35 } },
      { "label_36@$cl_label": { "$line": 36 } },
      { "label_37@$cl_label": { "$line": 37 } },
      { "changes@tyel_about_common.changes_title": {} },
      { "label_38@$cl_label": { "$line": 38 } },
      { "label_39@$cl_label": { "$line": 39 } },
      { "label_40@$cl_label": { "$line": 40 } },
      { "label_41@$cl_label": { "$line": 41 } },
      { "label_42@$cl_label": { "$line": 42 } },
      { "label_43@$cl_label": { "$line": 43 } },
      { "label_44@$cl_label": { "$line": 44 } },
      { "label_45@$cl_label": { "$line": 45 } },
      { "label_46@$cl_label": { "$line": 46 } },
      { "label_47@$cl_label": { "$line": 47 } },
      { "label_48@$cl_label": { "$line": 48 } },
      { "label_49@$cl_label": { "$line": 49 } },
      { "label_50@$cl_label": { "$line": 50 } },
      { "label_51@$cl_label": { "$line": 51 } },
      { "label_52@$cl_label": { "$line": 52 } },
      { "label_53@$cl_label": { "$line": 53 } },
      { "label_54@$cl_label": { "$line": 54 } },
      { "label_55@$cl_label": { "$line": 55 } },
      { "label_56@$cl_label": { "$line": 56 } },
      { "label_57@$cl_label": { "$line": 57 } },
      { "fixes@tyel_about_common.fixes_title": {} },
      { "label_58@$cl_label": { "$line": 58 } },
      { "label_59@$cl_label": { "$line": 59 } },
      { "label_60@$cl_label": { "$line": 60 } },
      { "label_61@$cl_label": { "$line": 61 } },
      { "label_62@$cl_label": { "$line": 62 } },
      { "label_63@$cl_label": { "$line": 63 } },
      { "label_64@$cl_label": { "$line": 64 } },
      { "label_65@$cl_label": { "$line": 65 } },
      { "label_66@$cl_label": { "$line": 66 } },
      { "label_67@$cl_label": { "$line": 67 } },
      { "removed@tyel_about_common.removed_title": {} },
      { "label_68@$cl_label": { "$line": 68 } },
      { "label_69@$cl_label": { "$line": 69 } }
    ]
  },

  "changelog111_button@tyel_about_common.section_toggle_button": {
    "$section_topic": "changelog111"
  },

  "cl111_label@tyel_about_common.changelog_desc_label": {
    "$ver": 111
  },

  "changelog111_section@tyel_about_common.main_sections": {
    "$section_topic_control": "changelog111",
    "$cl_label|default": "tyel_about.cl111_label",
    "controls": [
      {
        "title@tyel_about_common.generic_label": {
          "text": "tyelAbout.changelog111.title",
          "font_type": "MinecraftTen",
          "font_size": "large"
        }
      },
      {
        "ver_text@tyel_about_common.generic_label": {
          "text": "v1.1.1 (104)-2023.01.01-(r1.19.51)",
          "localize": false
        }
      },
      {
        "min_ver@tyel_about.min_ver_stack_label": {
          "$min_version_req": "v1.19.50"
        }
      },
      {
        "padding_1": {
          "type": "panel",
          "size": [ 4, 4 ]
        }
      },
      { "new_features@tyel_about_common.new_features_title": {} },
      { "label_1@$cl_label": { "$line": 1 } },
      { "label_2@$cl_label": { "$line": 2 } },
      { "label_3@$cl_label": { "$line": 3 } },
      { "label_4@$cl_label": { "$line": 4 } },
      { "label_5@$cl_label": { "$line": 5 } },
      { "label_6@$cl_label": { "$line": 6 } },
      { "label_7@$cl_label": { "$line": 7 } },
      { "label_8@$cl_label": { "$line": 8 } },
      { "label_9@$cl_label": { "$line": 9 } },
      { "label_10@$cl_label": { "$line": 10 } },
      { "label_11@$cl_label": { "$line": 11 } },
      { "label_12@$cl_label": { "$line": 12 } },
      { "label_13@$cl_label": { "$line": 13 } },
      { "label_14@$cl_label": { "$line": 14 } },
      { "label_15@$cl_label": { "$line": 15 } },
      { "label_16@$cl_label": { "$line": 16 } },
      { "label_17@$cl_label": { "$line": 17 } },
      { "label_18@$cl_label": { "$line": 18 } },
      { "label_19@$cl_label": { "$line": 19 } },
      { "label_20@$cl_label": { "$line": 20 } },
      { "label_21@$cl_label": { "$line": 21 } },
      { "changes@tyel_about_common.changes_title": {} },
      { "label_22@$cl_label": { "$line": 22 } },
      { "label_23@$cl_label": { "$line": 23 } },
      { "label_24@$cl_label": { "$line": 24 } },
      { "label_25@$cl_label": { "$line": 25 } },
      { "label_26@$cl_label": { "$line": 26 } },
      { "label_27@$cl_label": { "$line": 27 } },
      { "label_28@$cl_label": { "$line": 28 } },
      { "label_29@$cl_label": { "$line": 29 } },
      { "label_30@$cl_label": { "$line": 30 } },
      { "label_31@$cl_label": { "$line": 31 } },
      { "fixes@tyel_about_common.fixes_title": {} },
      { "label_32@$cl_label": { "$line": 32 } },
      { "label_33@$cl_label": { "$line": 33 } },
      { "label_34@$cl_label": { "$line": 34 } },
      { "label_35@$cl_label": { "$line": 35 } },
      { "label_36@$cl_label": { "$line": 36 } },
      { "label_37@$cl_label": { "$line": 37 } },
      { "label_38@$cl_label": { "$line": 38 } },
      { "label_39@$cl_label": { "$line": 39 } },
      { "label_40@$cl_label": { "$line": 40 } },
      { "label_41@$cl_label": { "$line": 41 } },
      { "label_42@$cl_label": { "$line": 42 } },
      { "label_43@$cl_label": { "$line": 43 } },
      { "label_44@$cl_label": { "$line": 44 } },
      { "label_45@$cl_label": { "$line": 45 } },
      { "removed@tyel_about_common.removed_title": {} },
      { "label_46@$cl_label": { "$line": 46 } }
    ]
  },

  "changelog112_button@tyel_about_common.section_toggle_button": {
    "$section_topic": "changelog112"
  },

  "cl112_label@tyel_about_common.changelog_desc_label": {
    "$ver": 112
  },

  "changelog112_section@tyel_about_common.main_sections": {
    "$section_topic_control": "changelog112",
    "$cl_label|default": "tyel_about.cl112_label",
    "controls": [
      {
        "title@tyel_about_common.generic_label": {
          "text": "tyelAbout.changelog112.title",
          "font_type": "MinecraftTen",
          "font_size": "large"
        }
      },
      {
        "ver_text@tyel_about_common.generic_label": {
          "text": "v1.1.2 (105)-2023.7.18-(r1.20.10)",
          "localize": false
        }
      },
      {
        "min_ver@tyel_about.min_ver_stack_label": {
          "$min_version_req": "v1.19.80"
        }
      },
      {
        "padding_1": {
          "type": "panel",
          "size": [ 4, 4 ]
        }
      },
      {
        "label_notice1@tyel_about_common.generic_label": {
          "text": "tyelAbout.changelog112.notice1"
        }
      },
      {
        "label_notice2@tyel_about_common.generic_label": {
          "text": "tyelAbout.changelog112.notice2"
        }
      },
      {
        "padding_2": {
          "type": "panel",
          "size": [ 4, 4 ]
        }
      },
      { "new_features@tyel_about_common.new_features_title": {} },
      { "label_1@$cl_label": { "$line": 1 } },
      { "label_2@$cl_label": { "$line": 2 } },
      { "label_3@$cl_label": { "$line": 3 } },
      { "label_4@$cl_label": { "$line": 4 } },
      { "label_5@$cl_label": { "$line": 5 } },
      { "label_6@$cl_label": { "$line": 6 } },
      { "label_7@$cl_label": { "$line": 7 } },
      { "label_8@$cl_label": { "$line": 8 } },
      { "label_9@$cl_label": { "$line": 9 } },
      { "label_10@$cl_label": { "$line": 10 } },
      { "label_11@$cl_label": { "$line": 11 } },
      { "label_12@$cl_label": { "$line": 12 } },
      { "label_13@$cl_label": { "$line": 13 } },
      { "label_14@$cl_label": { "$line": 14 } },
      { "label_15@$cl_label": { "$line": 15 } },
      { "label_16@$cl_label": { "$line": 16 } },
      { "label_17@$cl_label": { "$line": 17 } },
      { "label_18@$cl_label": { "$line": 18 } },
      { "label_19@$cl_label": { "$line": 19 } },
      { "label_20@$cl_label": { "$line": 20 } },
      { "changes@tyel_about_common.changes_title": {} },
      { "label_22@$cl_label": { "$line": 22 } },
      { "label_23@$cl_label": { "$line": 23 } },
      { "label_24@$cl_label": { "$line": 24 } },
      { "label_25@$cl_label": { "$line": 25 } },
      { "label_26@$cl_label": { "$line": 26 } },
      { "label_27@$cl_label": { "$line": 27 } },
      { "label_28@$cl_label": { "$line": 28 } },
      { "label_29@$cl_label": { "$line": 29 } },
      { "label_30@$cl_label": { "$line": 30 } },
      { "label_31@$cl_label": { "$line": 31 } },
      { "fixes@tyel_about_common.fixes_title": {} },
      { "label_32@$cl_label": { "$line": 32 } },
      { "label_33@$cl_label": { "$line": 33 } },
      { "label_34@$cl_label": { "$line": 34 } },
      { "label_35@$cl_label": { "$line": 35 } },
      { "label_36@$cl_label": { "$line": 36 } },
      { "label_37@$cl_label": { "$line": 37 } },
      { "label_38@$cl_label": { "$line": 38 } }
    ]
  },

  "changelog113_button@tyel_about_common.section_toggle_button": {
    "$section_topic": "changelog113"
  },

  "cl113_label@tyel_about_common.changelog_desc_label": {
    "$ver": 113
  },

  "changelog113_section@tyel_about_common.main_sections": {
    "$section_topic_control": "changelog113",
    "$cl_label|default": "tyel_about.cl113_label",
    "controls": [
      {
        "title@tyel_about_common.generic_label": {
          "text": "tyelAbout.changelog113.title",
          "font_type": "MinecraftTen",
          "font_size": "large"
        }
      },
      {
        "ver_text@tyel_about_common.generic_label": {
          "text": "v1.1.3a (107)-2023.12.7-(r1.20.50)",
          "localize": false
        }
      },
      {
        "min_ver@tyel_about.min_ver_stack_label": {
          "$min_version_req": "v1.20.30"
        }
      },
      {
        "padding_0": {
          "type": "panel",
          "size": [ 4, 4 ]
        }
      },
      { "label_a_header@$cl_label": { "$line": "_a_header" } },
      { "label_a1@$cl_label": { "$line": "_a1" } },
      { "label_a2@$cl_label": { "$line": "_a2" } },
      { "label_a3@$cl_label": { "$line": "_a3" } },
      { "label_a4@$cl_label": { "$line": "_a4" } },
      { "label_a5@$cl_label": { "$line": "_a5" } },
      { "label_a6@$cl_label": { "$line": "_a6" } },
      { "label_a7@$cl_label": { "$line": "_a7" } },
      { "label_a8@$cl_label": { "$line": "_a8" } },
      {
        "padding_1": {
          "type": "panel",
          "size": [ 16, 16 ]
        }
      },
      { "label_a_footer@$cl_label": { "$line": "_a_footer" } },
      { "new_features@tyel_about_common.new_features_title": {} },
      { "label_1@$cl_label": { "$line": 1 } },
      { "label_2@$cl_label": { "$line": 2 } },
      { "label_3@$cl_label": { "$line": 3 } },
      { "label_4@$cl_label": { "$line": 4 } },
      { "label_5@$cl_label": { "$line": 5 } },
      { "fixes@tyel_about_common.fixes_title": {} },
      { "label_6@$cl_label": { "$line": 6 } },
      { "label_7@$cl_label": { "$line": 7 } },
      { "label_8@$cl_label": { "$line": 8 } },
      { "removed@tyel_about_common.removed_title": {} },
      { "label_9@$cl_label": { "$line": 9 } }
    ]
  },

  "changelog114_button@tyel_about_common.section_toggle_button": {
    "$section_topic": "changelog114"
  },

  "cl114_label@tyel_about_common.changelog_desc_label": {
    "$ver": 114
  },

  "changelog114_section@tyel_about_common.main_sections": {
    "$section_topic_control": "changelog114",
    "$cl_label|default": "tyel_about.cl114_label",
    "controls": [
      {
        "title@tyel_about_common.generic_label": {
          "text": "tyelAbout.changelog114.title",
          "font_type": "MinecraftTen",
          "font_size": "large"
        }
      },
      {
        "ver_text@tyel_about_common.generic_label": {
          "text": "v1.1.4 (109)-2024.3.31-(r1.20.70)",
          "localize": false
        }
      },
      {
        "min_ver@tyel_about.min_ver_stack_label": {
          "$min_version_req": "v1.20.70"
        }
      },
      {
        "padding_0": {
          "type": "panel",
          "size": [ 4, 4 ]
        }
      },
      { "new_features@tyel_about_common.new_features_title": {} },
      { "label_1@$cl_label": { "$line": 1 } },
      { "label_2@$cl_label": { "$line": 2 } },
      { "label_3@$cl_label": { "$line": 3 } },
      { "label_4@$cl_label": { "$line": 4 } },
      { "label_5@$cl_label": { "$line": 5 } },
      { "changes@tyel_about_common.changes_title": {} },
      { "label_6@$cl_label": { "$line": 6 } },
      { "label_7@$cl_label": { "$line": 7 } },
      { "fixes@tyel_about_common.fixes_title": {} },
      { "label_8@$cl_label": { "$line": 8 } },
      { "label_9@$cl_label": { "$line": 9 } },
      { "removed@tyel_about_common.removed_title": {} },
      { "label_10@$cl_label": { "$line": 10 } }
    ]
  },

  "changelog120_button@tyel_about_common.section_toggle_button": {
    "$section_topic": "changelog120"
  },

  "cl120_label@tyel_about_common.changelog_desc_label": {
    "$ver": 120
  },

  "changelog120_section@tyel_about_common.main_sections": {
    "$section_topic_control": "changelog120",
    "$cl_label|default": "tyel_about.cl120_label",
    "controls": [
      {
        "title@tyel_about_common.generic_label": {
          "text": "tyelAbout.changelog120.title",
          "font_type": "MinecraftTen",
          "font_size": "large"
        }
      },
      {
        "ver_text@tyel_about_common.generic_label": {
          "text": "v1.2.0 (110)-2024.9.2-(r1.21.22)",
          "localize": false
        }
      },
      {
        "min_ver@tyel_about.min_ver_stack_label": {
          "$min_version_req": "v1.21.0"
        }
      },
      {
        "padding_0": {
          "type": "panel",
          "size": [ 4, 4 ]
        }
      },
      {
        "label_notice1@tyel_about_common.generic_label": {
          "text": "tyelAbout.changelog120.notice1"
        }
      },
      {
        "padding_1": {
          "type": "panel",
          "size": [ 4, 4 ]
        }
      },
      { "new_features@tyel_about_common.new_features_title": {} },
      { "label_1@$cl_label": { "$line": 1 } },
      { "label_2@$cl_label": { "$line": 2 } },
      { "label_3@$cl_label": { "$line": 3 } },
      { "label_4@$cl_label": { "$line": 4 } },
      { "label_5@$cl_label": { "$line": 5 } },
      { "label_6@$cl_label": { "$line": 6 } },
      { "label_7@$cl_label": { "$line": 7 } },
      { "label_8@$cl_label": { "$line": 8 } },
      { "label_9@$cl_label": { "$line": 9 } },
      { "label_10@$cl_label": { "$line": 10 } },
      { "label_11@$cl_label": { "$line": 11 } },
      { "label_12@$cl_label": { "$line": 12 } },
      { "label_13@$cl_label": { "$line": 13 } },
      { "label_14@$cl_label": { "$line": 14 } },
      { "label_15@$cl_label": { "$line": 15 } },
      { "label_16@$cl_label": { "$line": 16 } },
      { "label_17@$cl_label": { "$line": 17 } },
      { "label_18@$cl_label": { "$line": 18 } },
      { "label_19@$cl_label": { "$line": 19 } },
      { "label_20@$cl_label": { "$line": 20 } },
      { "label_21@$cl_label": { "$line": 21 } },
      { "label_22@$cl_label": { "$line": 22 } },
      { "label_23@$cl_label": { "$line": 23 } },
      { "label_24@$cl_label": { "$line": 24 } },
      { "label_25@$cl_label": { "$line": 25 } },
      { "label_26@$cl_label": { "$line": 26 } },
      { "label_27@$cl_label": { "$line": 27 } },
      { "label_28@$cl_label": { "$line": 28 } },
      { "label_29@$cl_label": { "$line": 29 } },
      { "label_30@$cl_label": { "$line": 30 } },
      { "label_31@$cl_label": { "$line": 31 } },
      { "label_32@$cl_label": { "$line": 32 } },
      { "label_33@$cl_label": { "$line": 33 } },
      { "label_34@$cl_label": { "$line": 34 } },
      { "label_35@$cl_label": { "$line": 35 } },
      { "label_36@$cl_label": { "$line": 36 } },
      { "label_37@$cl_label": { "$line": 37 } },
      { "label_38@$cl_label": { "$line": 38 } },
      { "label_39@$cl_label": { "$line": 39 } },
      { "label_40@$cl_label": { "$line": 40 } },
      { "label_41@$cl_label": { "$line": 41 } },
      { "label_42@$cl_label": { "$line": 42 } },
      { "label_43@$cl_label": { "$line": 43 } },
      { "label_44@$cl_label": { "$line": 44 } },
      { "label_45@$cl_label": { "$line": 45 } },
      { "label_46@$cl_label": { "$line": 46 } },
      { "label_47@$cl_label": { "$line": 47 } },
      { "label_48@$cl_label": { "$line": 48 } },
      { "label_49@$cl_label": { "$line": 49 } },
      { "label_50@$cl_label": { "$line": 50 } },
      { "label_51@$cl_label": { "$line": 51 } },
      { "label_52@$cl_label": { "$line": 52 } },
      { "label_53@$cl_label": { "$line": 53 } },
      { "label_54@$cl_label": { "$line": 54 } },
      { "label_55@$cl_label": { "$line": 55 } },
      { "label_56@$cl_label": { "$line": 56 } },
      { "label_57@$cl_label": { "$line": 57 } },
      { "label_58@$cl_label": { "$line": 58 } },
      { "label_59@$cl_label": { "$line": 59 } },
      { "label_60@$cl_label": { "$line": 60 } },
      { "label_61@$cl_label": { "$line": 61 } },
      { "label_62@$cl_label": { "$line": 62 } },
      { "label_63@$cl_label": { "$line": 63 } },
      { "label_64@$cl_label": { "$line": 64 } },
      { "label_65@$cl_label": { "$line": 65 } },
      { "label_66@$cl_label": { "$line": 66 } },
      { "label_67@$cl_label": { "$line": 67 } },
      { "label_68@$cl_label": { "$line": 68 } },
      { "label_69@$cl_label": { "$line": 69 } },
      { "label_70@$cl_label": { "$line": 70 } },
      { "label_71@$cl_label": { "$line": 71 } },
      { "label_72@$cl_label": { "$line": 72 } },
      { "label_73@$cl_label": { "$line": 73 } },
      { "label_74@$cl_label": { "$line": 74 } },
      { "label_75@$cl_label": { "$line": 75 } },
      { "label_76@$cl_label": { "$line": 76 } },
      { "label_77@$cl_label": { "$line": 77 } },
      { "label_78@$cl_label": { "$line": 78 } },
      { "label_79@$cl_label": { "$line": 79 } },
      { "label_80@$cl_label": { "$line": 80 } },
      { "label_81@$cl_label": { "$line": 81 } },
      { "label_82@$cl_label": { "$line": 82 } },
      { "label_83@$cl_label": { "$line": 83 } },
      { "label_84@$cl_label": { "$line": 84 } },
      { "changes@tyel_about_common.changes_title": {} },
      { "label_85@$cl_label": { "$line": 85 } },
      { "label_86@$cl_label": { "$line": 86 } },
      { "label_87@$cl_label": { "$line": 87 } },
      { "label_88@$cl_label": { "$line": 88 } },
      { "label_89@$cl_label": { "$line": 89 } },
      { "label_90@$cl_label": { "$line": 90 } },
      { "label_91@$cl_label": { "$line": 91 } },
      { "label_92@$cl_label": { "$line": 92 } },
      { "label_93@$cl_label": { "$line": 93 } },
      { "label_94@$cl_label": { "$line": 94 } },
      { "label_95@$cl_label": { "$line": 95 } },
      { "label_96@$cl_label": { "$line": 96 } },
      { "fixes@tyel_about_common.fixes_title": {} },
      { "label_97@$cl_label": { "$line": 97 } },
      { "label_98@$cl_label": { "$line": 98 } },
      { "label_99@$cl_label": { "$line": 99 } },
      { "label_100@$cl_label": { "$line": 100 } },
      { "removed@tyel_about_common.removed_title": {} },
      { "label_101@$cl_label": { "$line": 101 } },
      { "label_102@$cl_label": { "$line": 102 } },
      { "label_103@$cl_label": { "$line": 103 } },
      { "label_104@$cl_label": { "$line": 104 } },
      { "label_105@$cl_label": { "$line": 105 } },
      { "label_106@$cl_label": { "$line": 106 } }
    ]
  },

  "file_validation": { "$valid": true }
}