{
	"format_version": "1.12.0",
	"minecraft:geometry": [
		{
			"description": {
				"identifier": "geometry.bishop",
				"texture_width": 16,
				"texture_height": 16,
				"visible_bounds_width": 2,
				"visible_bounds_height": 4.5,
				"visible_bounds_offset": [0, 1.75, 0]
			},
			"bones": [
				{
					"name": "bb_main",
					"pivot": [0, 0, 0],
					"cubes": [
						{"origin": [-8, 0, -8], "size": [16, 2, 16], "uv": [-21, -14]},
						{"origin": [-4, 4, -4], "size": [8, 19, 8], "uv": [-9, -6]},
						{"origin": [-7, 2, -7], "size": [14, 2, 14], "uv": [-18, -12]},
						{"origin": [-7, 23, -7], "size": [14, 2, 14], "uv": [-18, -12]},
						{"origin": [-5, 25, -5], "size": [10, 1, 10], "uv": [-12, -8]},
						{"origin": [-5, 35, -5], "size": [10, 2, 10], "uv": [-12, -8]},
						{"origin": [-3, 37, -3], "size": [6, 2, 6], "uv": [-6, -4]},
						{"origin": [-1, 39, -1], "size": [2, 4, 2], "uv": [0, 0]},
						{"origin": [-6, 26, -6], "size": [12, 1, 12], "uv": [-15, -10]},
						{"origin": [-6, 33, -6], "size": [12, 2, 12], "uv": [-15, -10]},
						{"origin": [-7, 27, -7], "size": [14, 1, 14], "uv": [-18, -12]},
						{"origin": [-7, 31, -7], "size": [14, 2, 14], "uv": [-18, -12]},
						{"origin": [-8, 28, -8], "size": [16, 3, 16], "uv": [-21, -14]}
					]
				}
			]
		}
	]
}