{
	"format_version": "1.12.0",
	"minecraft:geometry": [
		{
			"description": {
				"identifier": "geometry.eye",
				"texture_width": 32,
				"texture_height": 32,
				"visible_bounds_width": 2,
				"visible_bounds_height": 2.5,
				"visible_bounds_offset": [0, 0.75, 0]
			},
			"bones": [
				{
					"name": "bb_main",
					"pivot": [0, 0, 0],
					"cubes": [
						{"origin": [-4, 1, 0], "size": [2, 8, 1], "uv": [0, 11]},
						{"origin": [-6, 2, 0], "size": [2, 6, 1], "uv": [12, 0]},
						{"origin": [-7, 3, 0], "size": [1, 4, 1], "uv": [12, 14]},
						{"origin": [-8, 4, 0], "size": [1, 2, 1], "uv": [18, 3]},
						{"origin": [0, 0, 0], "size": [2, 10, 1], "uv": [0, 0]},
						{"origin": [7, 4, 0], "size": [1, 2, 1], "uv": [18, 0]},
						{"origin": [-2, 0, 0], "size": [2, 10, 1], "uv": [6, 0]},
						{"origin": [2, 1, 0], "size": [2, 8, 1], "uv": [6, 11]},
						{"origin": [4, 2, 0], "size": [2, 6, 1], "uv": [12, 7]},
						{"origin": [6, 3, 0], "size": [1, 4, 1], "uv": [16, 14]}
					]
				}
			]
		}
	]
}