{
	"format_version": "1.12.0",
	"minecraft:geometry": [
		{
			"description": {
				"identifier": "geometry.king",
				"texture_width": 16,
				"texture_height": 16,
				"visible_bounds_width": 3,
				"visible_bounds_height": 4.5,
				"visible_bounds_offset": [0, 1.75, 0]
			},
			"bones": [
				{
					"name": "bb_main",
					"pivot": [0, 0, 0],
					"cubes": [
						{"origin": [-8, 0, -8], "size": [16, 2, 16], "uv": [-21, -14]},
						{"origin": [-4, 4, -4], "size": [8, 23, 8], "uv": [-9, -6]},
						{"origin": [-7, 2, -7], "size": [14, 2, 14], "uv": [-18, -12]},
						{"origin": [-7, 27, -7], "size": [14, 2, 14], "uv": [-18, -12]},
						{"origin": [-5, 29, -5], "size": [10, 1, 10], "uv": [-12, -8]},
						{"origin": [-6, 31, -6], "size": [12, 2, 12], "uv": [-15, -10]},
						{"origin": [-5, 29, -5], "size": [10, 2, 10], "uv": [-13, -8]},
						{"origin": [-7, 33, -7], "size": [14, 4, 14], "uv": [-18, -12]}
					]
				},
				{
					"name": "bone",
					"pivot": [0, 46, 0]
				},
				{
					"name": "bone2",
					"pivot": [0, 46, 0],
					"cubes": [
						{"origin": [-1, 38, -1], "size": [2, 10, 2], "uv": [-4, 0]},
						{"origin": [-3, 39, -1], "size": [2, 8, 2], "pivot": [-2, 45, 0], "rotation": [0, 0, -90], "uv": [-4, 0]},
						{"origin": [-3, 37, -3], "size": [6, 1, 6], "uv": [-10, -4]}
					]
				}
			]
		}
	]
}