{
	"format_version": "1.12.0",
	"minecraft:geometry": [
		{
			"description": {
				"identifier": "geometry.knight",
				"texture_width": 16,
				"texture_height": 16,
				"visible_bounds_width": 3,
				"visible_bounds_height": 4.5,
				"visible_bounds_offset": [0, 1.75, 0]
			},
			"bones": [
				{
					"name": "bb_main",
					"pivot": [0, 0, 0],
					"cubes": [
						{"origin": [-8, 0, -8], "size": [16, 2, 16], "uv": [-21, -14]},
						{"origin": [-7, 4, -6], "size": [11, 19, 12], "uv": [-16, -10]},
						{"origin": [-7, 2, -7], "size": [14, 2, 14], "uv": [-18, -12]},
						{"origin": [-5, 3, -5], "size": [10, 14, 10], "uv": [-14, -8]},
						{"origin": [-10, 27, -5], "size": [20, 8, 10], "pivot": [0, 23, 0], "rotation": [0, 0, -25], "uv": [-19, -8]},
						{"origin": [0, 19, -5], "size": [10, 8, 10], "pivot": [0, 23, 0], "rotation": [0, 0, -25], "uv": [-9, -8]},
						{"origin": [-7, 12, -5], "size": [17, 7, 10], "pivot": [0, 23, 0], "rotation": [0, 0, -25], "uv": [-16, -8]},
						{"origin": [-5, 25, 6], "size": [10, 2, 0], "uv": [-2, 2]},
						{"origin": [-7, 35, -7], "size": [14, 2, 14], "uv": [-18, -12]}
					]
				}
			]
		}
	]
}