{
	"format_version": "1.12.0",
	"minecraft:geometry": [
		{
			"description": {
				"identifier": "geometry.pawn",
				"texture_width": 128,
				"texture_height": 128,
				"visible_bounds_width": 2,
				"visible_bounds_height": 4.5,
				"visible_bounds_offset": [0, 1.75, 0]
			},
			"bones": [
				{
					"name": "bb_main",
					"pivot": [0, 0, 0],
					"cubes": [
						{"origin": [-8, 0, -8], "size": [16, 2, 16], "uv": [0, 20]},
						{"origin": [-4, 4, -4], "size": [8, 19, 8], "uv": [0, 70]},
						{"origin": [-7, 2, -7], "size": [14, 2, 14], "uv": [0, 38]},
						{"origin": [-7, 23, -7], "size": [14, 2, 14], "uv": [0, 54]},
						{"origin": [-5, 25, -5], "size": [10, 2, 10], "uv": [32, 70]},
						{"origin": [-5, 39, -5], "size": [10, 2, 10], "uv": [72, 70]},
						{"origin": [-6, 27, -6], "size": [12, 2, 12], "uv": [64, 0]},
						{"origin": [-6, 37, -6], "size": [12, 2, 12], "uv": [64, 14]},
						{"origin": [-7, 29, -7], "size": [14, 2, 14], "uv": [56, 38]},
						{"origin": [-7, 35, -7], "size": [14, 2, 14], "uv": [56, 54]},
						{"origin": [-8, 31, -8], "size": [16, 4, 16], "uv": [0, 0]}
					]
				}
			]
		}
	]
}