{
	"format_version": "1.12.0",
	"minecraft:geometry": [
		{
			"description": {
				"identifier": "geometry.queen",
				"texture_width": 16,
				"texture_height": 16,
				"visible_bounds_width": 2,
				"visible_bounds_height": 4.5,
				"visible_bounds_offset": [0, 1.75, 0]
			},
			"bones": [
				{
					"name": "bb_main",
					"pivot": [0, 0, 0],
					"cubes": [
						{"origin": [-8, 0, -8], "size": [16, 2, 16], "uv": [-21, -14]},
						{"origin": [-4, 4, -4], "size": [8, 23, 8], "uv": [-9, -6]},
						{"origin": [-7, 2, -7], "size": [14, 2, 14], "uv": [-18, -12]},
						{"origin": [-7, 27, -7], "size": [14, 2, 14], "uv": [-18, -12]},
						{"origin": [-6, 29, -6], "size": [11, 1, 12], "uv": [-15, -10]},
						{"origin": [-6, 29, -6], "size": [12, 6, 8], "pivot": [0, 29, -2], "rotation": [22.5, 0, 0], "uv": [-11, -6]},
						{"origin": [-8, 29, -4], "size": [12, 6, 9], "pivot": [-2, 29, 0], "rotation": [22.5, 90, 0], "uv": [-12, -7]},
						{"origin": [-4, 29, -4], "size": [12, 6, 9], "pivot": [2, 29, 0], "rotation": [22.5, -90, 0], "uv": [-12, -7]},
						{"origin": [-6, 29, -2], "size": [12, 6, 12], "pivot": [0, 29, 2], "rotation": [22.5, 180, 0], "uv": [-15, -10]},
						{"origin": [-2, 44, -2], "size": [4, 1, 4], "uv": [-3, -2]},
						{"origin": [-6, 39, -6], "size": [12, 1, 12], "uv": [-15, -10]},
						{"origin": [-5, 40, -5], "size": [10, 1, 10], "uv": [-13, -8]},
						{"origin": [-4, 41, -4], "size": [8, 1, 8], "uv": [-11, -6]},
						{"origin": [-3, 42, -3], "size": [6, 1, 6], "uv": [-9, -4]},
						{"origin": [-3, 45, -3], "size": [6, 2, 6], "uv": [-9, -4]},
						{"origin": [-2, 43, -2], "size": [4, 1, 4], "uv": [-7, -2]},
						{"origin": [-2, 47, -2], "size": [4, 1, 4], "uv": [-7, -2]},
						{"origin": [-7, 38, -7], "size": [14, 1, 14], "uv": [-18, -12]},
						{"origin": [-8, 32, -8], "size": [16, 6, 16], "uv": [-21, -14]}
					]
				}
			]
		}
	]
}