{
	"format_version": "1.12.0",
	"minecraft:geometry": [
		{
			"description": {
				"identifier": "geometry.rook",
				"texture_width": 16,
				"texture_height": 16,
				"visible_bounds_width": 3,
				"visible_bounds_height": 3.5,
				"visible_bounds_offset": [0, 1.25, 0]
			},
			"bones": [
				{
					"name": "bb_main",
					"pivot": [0, 0, 0],
					"cubes": [
						{
							"origin": [-8, 0, -8],
							"size": [16, 2, 16],
							"uv": {
								"north": {"uv": [0, 2], "uv_size": [16, 2]},
								"east": {"uv": [0, 2], "uv_size": [16, 2]},
								"south": {"uv": [0, 2], "uv_size": [16, 2]},
								"west": {"uv": [0, 2], "uv_size": [16, 2]},
								"up": {"uv": [16, 16], "uv_size": [-16, -16]},
								"down": {"uv": [16, 16], "uv_size": [-16, -16]}
							}
						},
						{
							"origin": [-5, 4, -5],
							"size": [10, 19, 10],
							"uv": {
								"north": {"uv": [3, 0], "uv_size": [10, 16]},
								"east": {"uv": [0, 0], "uv_size": [10, 16]},
								"south": {"uv": [6, 0], "uv_size": [10, 16]},
								"west": {"uv": [6, 0], "uv_size": [10, 16]},
								"up": {"uv": [16, 12], "uv_size": [-10, -10]},
								"down": {"uv": [16, 10], "uv_size": [-10, -10]}
							}
						},
						{
							"origin": [-7, 2, -7],
							"size": [14, 2, 14],
							"uv": {
								"north": {"uv": [2, 2], "uv_size": [14, 2]},
								"east": {"uv": [0, 2], "uv_size": [14, 2]},
								"south": {"uv": [2, 2], "uv_size": [14, 2]},
								"west": {"uv": [2, 2], "uv_size": [14, 2]},
								"up": {"uv": [16, 16], "uv_size": [-14, -14]},
								"down": {"uv": [16, 14], "uv_size": [-14, -14]}
							}
						},
						{
							"origin": [0, 4, -5],
							"size": [0, 19, 10],
							"uv": {
								"north": {"uv": [3, 2], "uv_size": [0, 19]},
								"east": {"uv": [-12, 2], "uv_size": [10, 19]},
								"south": {"uv": [23, 2], "uv_size": [0, 19]},
								"west": {"uv": [8, 2], "uv_size": [10, 19]},
								"up": {"uv": [3, -8], "uv_size": [0, 10]},
								"down": {"uv": [13, 2], "uv_size": [0, -10]}
							}
						},
						{
							"origin": [-7, 23, -7],
							"size": [14, 4, 14],
							"uv": {
								"north": {"uv": [2, 2], "uv_size": [14, 4]},
								"east": {"uv": [0, 2], "uv_size": [14, 4]},
								"south": {"uv": [2, 2], "uv_size": [14, 4]},
								"west": {"uv": [2, 2], "uv_size": [14, 4]},
								"up": {"uv": [16, 16], "uv_size": [-14, -14]},
								"down": {"uv": [16, 14], "uv_size": [-14, -14]}
							}
						},
						{"origin": [6, 27, -7], "size": [1, 2.8, 2.8], "uv": [9, 1]},
						{"origin": [6, 27, 4.2], "size": [1, 2.8, 2.8], "uv": [9, 1]},
						{"origin": [-7, 27, -1.6], "size": [1, 2.8, 2.8], "uv": [9, 1]},
						{"origin": [-7, 27, 4.2], "size": [1, 2.8, 2.8], "uv": [9, 1]},
						{"origin": [-7, 27, -7], "size": [1, 2.8, 2.8], "uv": [9, 1]},
						{"origin": [6, 27, -1.6], "size": [1, 2.8, 2.8], "uv": [9, 1]},
						{"origin": [-5, 25, -5], "size": [10, 2, 10], "uv": [-12, -8]}
					]
				},
				{
					"name": "bone3",
					"pivot": [1, 27, 0],
					"rotation": [0, -90, 0],
					"cubes": [
						{"origin": [7, 27, -5], "size": [1, 2.8, 1.8], "uv": [10, 2]},
						{"origin": [-6, 27, -5], "size": [1, 2.8, 1.8], "uv": [10, 2]},
						{"origin": [7, 27, 5.2], "size": [1, 2.8, 1.8], "uv": [10, 2]},
						{"origin": [-6, 27, 5.2], "size": [1, 2.8, 1.8], "uv": [10, 2]},
						{"origin": [7, 27, -0.6], "size": [1, 2.8, 2.8], "uv": [9, 1]},
						{"origin": [-6, 27, -0.6], "size": [1, 2.8, 2.8], "uv": [9, 1]}
					]
				}
			]
		}
	]
}