{
	"format_version" : "1.8.0",
	"animations" : {
		"animation.block_display.first" : {
			"loop" : true,
			"bones" : {
				"body" : {
					"rotation" : [ "-this", "-this", "-this" ]
				},
				"head" : {
					"rotation" : [ "-this - 15", "-this", "-this" ]
				},
				"leftarm" : {
					"rotation" : [ "-this - 110", "-this - 35", "-this" ]
				},
				"leftleg" : {
					"rotation" : [ "-this + 5", "-this - 3", "-this - 3" ]
				},
				"rightarm" : {
					"rotation" : [ "-this - 110", "-this + 35", "-this" ]
				},
				"rightitem" : {
					"rotation" : [ "-this", "-this", "-this" ]
				},
				"rightleg" : {
					"rotation" : [ "-this - 5", "-this + 3", "-this + 3" ]
				}
			}
		},
		"animation.block_display.second" : {
			"loop" : true,
			"bones" : {
				"body" : {
					"position" : [ 0.0, -3.5, 0.0 ],
					"rotation" : [ "-query.target_x_rotation", "-query.target_y_rotation", 0.0 ],
					"scale" : 0.6
				}
			}
		},
		"animation.block_display.third" : {
			"loop" : true,
			"bones" : {
				"body" : {
					"scale" : 4.5
				}
			}
		},
		"animation.block_display.fourth" : {
			"loop" : true,
			"bones" : {
				"leftarm" : {
					"rotation" : [ -90.0, 0.0, 0.0 ]
				},
				"rightarm" : {
					"rotation" : [ -90.0, 0.0, 0.0 ]
				},
				"body" : {
					"rotation" : [ 180.0, 0.0, 0.0 ]
				}
			}
		}
	}
}
